iso3_code,tile_scale,scale,num_points,min_buffer,max_buffer,band_proportion,mapped_RR,execution_time,min_area,max_area,mean_area,stdDev_area,median_area,number_of_bands
BRA,16,30,100,50,500,1,TRUE,872.7576332,0.784565589,77.43095467,28.83200075,24.0288522,22.65230309,150
GHA,4,100,100,50,500,1,TRUE,45.82736588,0.800450232,76.27340891,30.58150232,22.91132691,26.70561486,150
BRA,2,100,100,50,200,1,TRUE,24.18667412,0.779166286,12.21004956,5.355340788,3.322482195,4.981551309,150
BRA,8,30,100,50,200,0.1,TRUE,15.1618259,0.82693676,12.19284875,5.770230943,3.480672814,4.924339533,15
BRA,2,30,100,50,500,1,TRUE,14.66542697,0.802593165,77.38192295,28.04650088,21.35611184,22.28127129,150
BRA,2,100,100,50,200,0.1,TRUE,10.50180435,0.837361353,12.30920293,5.646396884,3.181094014,6.066418054,15
GHA,2,30,100,50,500,1,TRUE,10.2845912,0.946940367,75.85913585,32.08483368,23.22428849,26.96505012,150
BRA,2,30,100,50,500,0.5,FALSE,9.932675123,0.795504588,76.61685929,29.46694205,24.58683127,25.86164492,75
GHA,8,30,10,100,500,0.5,FALSE,9.928065062,4.852098746,71.69209874,45.20911252,16.49697845,43.35820666,75
BRA,2,30,100,50,500,0.5,TRUE,9.750418425,0.795504588,76.61685929,29.46694205,24.58683127,25.86164492,75
BRA,2,30,100,100,200,1,TRUE,9.715589285,3.123133472,12.38149618,7.138353477,2.74230362,6.765241889,150
BRA,2,30,100,100,500,1,TRUE,9.38294816,3.266751478,77.46166874,36.95302803,23.73500571,33.20688974,150
BRA,2,30,100,100,200,1,FALSE,9.149725199,3.123133472,12.38149618,7.138353477,2.74230362,6.765241889,150
GHA,16,100,100,100,200,0.5,TRUE,9.050091267,3.111675853,12.35621046,6.995072464,2.634357468,6.811746216,75
GHA,16,100,100,100,500,0.1,TRUE,8.887579918,4.022281243,76.38605366,36.39739774,22.13890007,34.5794277,15
BRA,16,30,100,50,500,1,FALSE,8.834480524,0.784565589,77.43095467,28.83200075,24.0288522,22.65230309,150
BRA,8,30,100,100,200,1,TRUE,8.652618647,3.11204503,12.30296446,7.054911735,2.684196954,7.079925349,150
BRA,2,100,100,50,500,0.5,TRUE,8.571706057,0.852785825,77.4397651,30.17768852,23.89410424,24.59960914,75
BRA,2,30,100,100,500,1,FALSE,8.438917637,3.266751478,77.46166874,36.95302803,23.73500571,33.20688974,150
GHA,16,100,100,100,200,0.1,TRUE,8.401132345,3.121784894,12.41533591,7.273774916,2.670076046,6.983068851,15
GHA,2,30,100,100,500,1,TRUE,8.383588791,3.22422619,77.47217659,32.72335195,22.81617747,31.01842965,150
BRA,2,30,100,50,200,0.5,TRUE,8.326487064,0.790516523,12.40993907,5.747866817,3.342016279,4.995107458,75
GHA,16,30,100,50,500,0.1,TRUE,8.209910393,1.350123418,77.45918696,29.15027562,22.93626643,26.1252574,15
GHA,16,30,100,100,200,1,TRUE,8.189549446,3.238917649,12.33801561,7.176451706,2.47807157,7.163421009,150
BRA,4,30,100,50,200,1,FALSE,8.153042316,0.805696469,12.25165702,5.315508897,3.324826274,4.746861725,150
BRA,4,30,100,50,200,0.5,TRUE,8.138969898,0.804391775,12.26069578,5.355647404,3.27469107,4.836870708,75
GHA,2,30,100,100,500,0.5,FALSE,8.017509699,3.361801328,77.29660421,33.9700083,21.90968209,29.90506435,75
GHA,2,30,100,100,200,0.5,TRUE,8.00066781,3.135326876,12.32756482,7.247998239,2.74638396,6.737826512,75
BRA,2,30,100,100,200,0.5,TRUE,7.917184114,3.145228229,12.39955853,7.558683503,2.673673115,7.644591016,75
BRA,2,30,100,50,200,1,TRUE,7.807648659,0.779014519,12.27384633,5.570993864,3.367310916,5.100940835,150
BRA,2,30,100,100,500,0.5,TRUE,7.66897583,3.262388114,77.08923302,33.10995092,21.10344238,30.15449252,75
BRA,2,100,100,50,500,1,TRUE,7.666515827,0.961061499,75.35846139,27.74261211,22.81213867,22.26678349,150
GHA,16,100,100,50,200,0.5,TRUE,7.617100477,0.790444321,12.14950599,5.151447417,3.205064298,4.442092818,75
GHA,16,30,100,100,500,1,TRUE,7.614045143,3.419652443,77.42015475,33.2687425,20.9304512,30.35712854,150
GHA,2,30,10,100,200,0.5,TRUE,7.512921095,3.164155454,12.04533603,7.636994843,3.218163157,7.595869488,75
GHA,16,100,100,50,500,1,TRUE,7.418134689,0.828876048,77.5255034,26.15432508,23.13778365,17.86952909,150
GHA,16,30,100,50,200,1,TRUE,7.373485088,0.781589816,12.1592219,5.540557049,3.481974241,4.716521305,150
BRA,4,30,100,50,500,0.5,TRUE,7.329244852,0.866937695,73.09182257,27.02353331,20.87318258,22.08527153,75
BRA,16,30,100,100,200,1,TRUE,7.271221161,3.2208626,12.4147135,7.220689367,2.949002404,7.527753159,150
BRA,2,100,100,50,500,0.1,TRUE,7.263335943,0.78288149,77.14454196,27.00947683,22.5703693,20.20543092,15
GHA,16,30,100,100,500,0.5,FALSE,7.238671541,3.126664326,76.63652307,31.72724034,22.55726741,25.82188483,75
BRA,2,30,100,50,200,0.5,FALSE,7.231569052,0.790516523,12.40993907,5.747866817,3.342016279,4.995107458,75
BRA,16,30,100,100,500,1,FALSE,7.094219446,3.362225171,77.32992999,31.04514487,21.94551801,26.48047864,150
GHA,16,30,100,50,500,1,TRUE,6.960758686,0.801300685,75.51723615,25.79867719,21.64241396,19.99495905,150
BRA,2,30,100,50,500,0.1,TRUE,6.947324276,1.383370313,77.00465633,31.99545291,21.82693396,27.8846816,15
GHA,4,100,100,100,200,0.5,TRUE,6.945917606,3.162455349,12.01749568,7.311681664,2.563003135,7.509633214,75
BRA,2,100,100,50,500,1,FALSE,6.943554878,0.961061499,75.35846139,27.74261211,22.81213867,22.26678349,150
BRA,2,100,100,50,200,0.5,TRUE,6.93482089,0.79681532,12.36049845,5.596310597,3.375303872,4.708304686,75
BRA,16,100,100,50,200,0.5,TRUE,6.81068778,0.796651737,12.38483825,5.314528643,3.443210252,4.097906653,75
GHA,8,100,100,100,200,1,FALSE,6.786580324,3.39022982,12.06819512,7.638042411,2.68627906,7.496453673,150
GHA,8,100,100,50,200,1,TRUE,6.750446081,0.802001454,12.28657499,5.636808877,3.393490124,5.809672957,150
BRA,2,30,100,50,200,0.1,TRUE,6.733826876,0.919373415,12.41265659,5.703822355,3.409538394,4.566830571,15
GHA,2,30,100,50,500,0.5,TRUE,6.588496685,0.79183014,76.73228047,27.65431212,21.70059236,21.55593602,75
GHA,16,30,100,100,200,1,FALSE,6.523723841,3.238917649,12.33801561,7.176451706,2.47807157,7.163421009,150
BRA,16,30,100,100,200,0.1,TRUE,6.463124514,3.151178644,12.31537566,7.185726502,2.627397276,6.814436987,15
GHA,8,100,100,100,500,0.5,TRUE,6.433974266,3.507433317,77.33311745,34.71494171,20.98560162,31.91727002,75
BRA,4,30,100,100,200,0.1,TRUE,6.406573772,3.130727698,12.23998818,7.590211146,2.648245401,7.740106462,15
GHA,8,30,100,100,500,1,TRUE,6.352110624,3.106587968,75.17127794,30.49249062,21.62611661,24.3117843,150
BRA,8,100,100,50,500,1,TRUE,6.345725298,0.794481501,76.98990862,31.9232568,24.44335181,26.21270988,150
GHA,2,30,100,100,200,1,TRUE,6.300396204,3.154416993,12.3549046,7.24355565,2.598023643,6.831678383,150
GHA,8,100,10,50,500,0.5,TRUE,6.232218742,2.766335919,77.16881233,39.5542512,29.78760654,34.75746854,75
BRA,2,30,100,100,500,0.1,TRUE,6.221841335,3.132356423,75.72261187,26.64149197,20.7894894,19.39854201,15
BRA,2,100,100,50,200,0.5,FALSE,6.172660351,0.79681532,12.36049845,5.596310597,3.375303872,4.708304686,75
BRA,4,30,100,100,200,1,TRUE,6.151493549,3.220755032,12.05374243,7.56461941,2.596031785,7.686014355,150
BRA,4,100,100,50,500,1,TRUE,6.102181911,0.984927702,76.99204477,31.2687647,22.840251,28.99113765,150
GHA,8,100,100,50,500,1,TRUE,6.092480421,1.086742431,77.44533795,30.90224837,22.52468816,28.77919599,150
BRA,16,30,100,50,500,0.5,TRUE,6.09078002,0.842347991,77.59672104,31.23476199,23.08558857,27.68868781,75
GHA,16,30,100,50,500,1,FALSE,6.081648827,0.801300685,75.51723615,25.79867719,21.64241396,19.99495905,150
GHA,16,100,100,100,500,0.5,TRUE,6.074677944,3.2241574,76.5369041,29.17753055,20.12176559,27.69281498,75
BRA,16,100,100,50,200,1,TRUE,6.069624662,0.795353149,12.39923028,5.875793497,3.626580869,5.195117767,150
GHA,8,100,100,100,500,1,TRUE,6.051562071,4.196625863,76.48009079,36.71543122,21.71853912,38.80409926,150
BRA,2,30,100,50,500,1,FALSE,6.046239614,0.802593165,77.38192295,28.04650088,21.35611184,22.28127129,150
BRA,16,30,100,50,500,0.5,FALSE,6.021198988,0.842347991,77.59672104,31.23476199,23.08558857,27.68868781,75
GHA,4,100,100,50,200,1,TRUE,6.017304182,0.828028381,12.21616725,5.326393112,3.536360757,4.781906693,150
GHA,2,100,100,50,200,0.5,FALSE,6.012079,0.804040799,12.26213539,5.276186743,3.472608996,4.568652731,75
BRA,8,100,100,50,200,1,TRUE,6.01106286,0.804289114,12.1170113,5.570065168,3.342596083,5.044360491,150
BRA,2,100,100,100,200,0.5,TRUE,5.989435911,3.110437238,12.1465847,7.293989006,2.580990436,6.92159844,75
GHA,2,100,100,100,200,1,FALSE,5.950102091,3.140872758,12.3946042,7.110634001,2.643246582,6.751113906,150
GHA,16,30,100,100,500,0.5,TRUE,5.928881884,3.126664326,76.63652307,31.72724034,22.55726741,25.82188483,75
BRA,16,100,100,100,500,0.5,FALSE,5.917441368,3.14967062,77.29752768,29.75140852,21.62189169,23.61404764,75
BRA,8,100,100,50,200,0.5,TRUE,5.885596275,0.864029478,12.07899488,5.858640168,3.456584559,5.363571618,75
GHA,2,100,100,50,500,0.1,TRUE,5.860385895,0.892093107,76.49153365,29.81793145,22.89463743,23.40637063,15
GHA,16,30,100,50,500,0.5,FALSE,5.830365181,0.978222442,74.47251273,27.10100547,22.09117216,20.0035249,75
BRA,16,30,100,100,500,1,TRUE,5.76777339,3.362225171,77.32992999,31.04514487,21.94551801,26.48047864,150
GHA,8,100,100,50,500,0.5,FALSE,5.761914253,0.793210759,77.2765303,28.05110225,21.36979709,23.39313224,75
GHA,16,100,100,50,500,0.5,TRUE,5.751040936,1.115818566,76.33965135,26.22591286,22.70989568,20.21375688,75
BRA,4,30,100,50,200,1,TRUE,5.726186037,0.805696469,12.25165702,5.315508897,3.324826274,4.746861725,150
GHA,16,30,100,100,200,0.5,TRUE,5.718114853,3.137806432,12.39596136,7.319628243,2.607483468,7.089068443,75
GHA,8,100,100,50,500,0.5,TRUE,5.661994457,0.793210759,77.2765303,28.05110225,21.36979709,23.39313224,75
BRA,2,100,10,50,500,0.1,TRUE,5.657159805,1.147230214,68.38705172,32.66025239,24.45980742,33.42859286,15
GHA,16,100,100,50,200,0.5,FALSE,5.630968332,0.790444321,12.14950599,5.151447417,3.205064298,4.442092818,75
GHA,2,30,100,100,500,0.5,TRUE,5.626986504,3.361801328,77.29660421,33.9700083,21.90968209,29.90506435,75
GHA,2,30,100,50,200,1,FALSE,5.621630669,0.794044759,12.29540118,5.470878951,3.458815232,4.655098914,150
BRA,4,100,100,100,500,1,TRUE,5.605674505,3.231853601,74.99455916,30.38325728,20.13432968,28.8039891,150
GHA,2,30,100,50,500,0.1,TRUE,5.593141317,0.887615083,77.29548625,30.73646137,24.22327781,27.45983692,15
BRA,2,100,100,100,200,1,TRUE,5.583616972,3.234032031,12.34112933,7.231401545,2.562001646,7.017209504,150
BRA,8,100,100,100,200,0.1,TRUE,5.575884819,3.119209617,12.3486422,7.315220428,2.833605376,6.894192585,15
BRA,2,30,100,100,200,0.1,TRUE,5.565241814,3.110455369,12.41072159,7.724487901,2.961642683,7.611127892,15
BRA,8,30,100,50,500,1,TRUE,5.557326794,0.78639677,76.511811,26.99451215,22.22724747,20.43904434,150
GHA,8,100,100,100,500,0.5,FALSE,5.551675558,3.507433317,77.33311745,34.71494171,20.98560162,31.91727002,75
BRA,8,100,100,50,500,0.5,TRUE,5.508317232,0.812991945,77.28180959,29.83730597,23.25164508,22.62234736,75
BRA,8,100,100,50,200,0.1,TRUE,5.44827199,0.898538709,12.34354452,5.989235303,3.107081788,5.409090649,15
BRA,8,100,100,100,500,0.5,TRUE,5.443309546,3.872419552,77.3867836,31.96814475,21.95035354,27.53772047,75
GHA,16,100,100,100,200,0.5,FALSE,5.439182043,3.111675853,12.35621046,6.995072464,2.634357468,6.811746216,75
GHA,2,100,100,100,500,0.1,FALSE,5.432991028,3.338855187,77.14662073,28.07767231,20.06197173,22.88993225,15
GHA,8,30,100,100,200,1,TRUE,5.430563927,3.25365198,12.11920273,6.823828131,2.470370472,6.460111322,150
GHA,2,100,100,100,200,0.5,FALSE,5.421345234,3.137722807,12.3506673,7.656531075,2.714193336,7.412172793,75
GHA,16,100,100,50,200,1,TRUE,5.417107344,0.829511132,12.24876928,5.385857801,3.445106058,4.64968392,150
GHA,4,100,100,100,200,1,TRUE,5.406416416,3.114177372,12.40040204,7.073318962,2.729247692,6.485536121,150
BRA,2,100,100,100,500,0.5,TRUE,5.404040098,4.31903239,77.47027051,32.69571026,22.71955305,28.63936834,75
GHA,2,100,100,100,500,0.5,FALSE,5.400802374,3.14161438,77.15787987,31.04219834,23.30839626,22.70061623,75
BRA,4,100,100,100,200,1,TRUE,5.393646002,3.141712203,12.13461911,6.900194837,2.562183663,6.562610962,150
GHA,16,30,100,100,200,0.1,FALSE,5.370810747,3.118272263,12.36251839,7.316064237,2.959209913,7.267363868,15
BRA,16,30,100,100,500,0.5,TRUE,5.370562315,3.466481882,77.45398318,33.59171882,19.93377763,33.59102474,75
BRA,16,100,100,100,500,0.5,TRUE,5.370253801,3.14967062,77.29752768,29.75140852,21.62189169,23.61404764,75
BRA,4,100,10,50,500,0.5,FALSE,5.309116602,2.374021392,76.28997647,31.24039509,23.24868604,28.49616654,75
BRA,16,30,100,100,200,0.5,TRUE,5.304547787,3.199855793,12.27800734,7.117123292,2.723559422,6.5839527,75
GHA,2,100,100,50,500,1,TRUE,5.264090776,1.199252661,77.53815917,30.07400646,22.39369508,24.51128469,150
BRA,8,30,100,50,200,1,TRUE,5.256987572,0.926980646,12.35258525,6.060498181,3.503595921,5.640989437,150
GHA,16,30,100,50,500,0.5,TRUE,5.253959179,0.978222442,74.47251273,27.10100547,22.09117216,20.0035249,75
BRA,16,30,100,50,200,1,TRUE,5.24899292,0.820106704,12.33812236,5.332870352,3.612565825,4.705702725,150
BRA,8,100,100,100,500,1,TRUE,5.240075827,3.259065934,76.32635251,28.72448248,21.82143639,22.71287808,150
BRA,16,100,100,100,500,1,TRUE,5.236823082,3.169643108,76.37389789,29.6602113,22.25377921,24.23104039,150
BRA,16,30,100,50,200,0.5,TRUE,5.234560728,0.884288414,12.31312197,5.358418729,3.65463152,4.114438104,75
GHA,16,30,100,100,500,1,FALSE,5.230280876,3.419652443,77.42015475,33.2687425,20.9304512,30.35712854,150
GHA,8,100,100,50,200,1,FALSE,5.223746777,0.802001454,12.28657499,5.636808877,3.393490124,5.809672957,150
GHA,16,100,100,100,200,1,TRUE,5.220516443,3.105142147,12.30497549,7.350061955,2.696727454,7.177434735,150
GHA,16,30,100,50,200,0.5,TRUE,5.2169559,0.918783555,12.06830609,5.940614284,3.589888707,6.215993825,75
GHA,2,100,100,50,200,0.1,TRUE,5.184035778,0.800547135,12.09377866,4.966721986,3.110140769,4.724499706,15
BRA,8,100,100,100,500,0.1,TRUE,5.179469585,3.577698099,77.58927579,34.40739097,21.90136027,29.6882449,15
GHA,8,100,100,100,200,1,TRUE,5.150586605,3.39022982,12.06819512,7.638042411,2.68627906,7.496453673,150
GHA,8,30,100,100,500,0.5,TRUE,5.116875887,3.238166391,76.67127025,34.90091402,23.15980273,33.50412504,75
BRA,8,30,100,100,500,0.5,TRUE,5.116689205,3.176816694,76.47853206,34.05129582,22.84264253,27.90309505,75
GHA,2,100,100,50,500,0.5,TRUE,5.093747139,0.902657965,76.97894611,30.98112372,23.83582917,26.45905194,75
GHA,8,100,100,100,500,0.1,TRUE,5.053851366,3.117698065,75.22672149,34.87111034,23.55775605,32.52767508,15
GHA,2,100,100,50,500,1,FALSE,5.049048662,1.199252661,77.53815917,30.07400646,22.39369508,24.51128469,150
BRA,8,100,100,100,200,1,TRUE,5.042602539,3.281216628,12.28692414,7.56598962,2.702367025,7.218167356,150
GHA,2,100,100,50,200,1,FALSE,5.033960342,0.798686279,11.85016115,4.956797403,3.318895215,3.801284747,150
GHA,2,30,100,50,200,0.5,TRUE,5.022951126,0.786886481,12.08465657,4.822900387,3.340759898,3.907970411,75
GHA,2,100,100,50,500,0.5,FALSE,5.006566763,0.902657965,76.97894611,30.98112372,23.83582917,26.45905194,75
BRA,2,100,100,100,500,1,TRUE,5.002408504,3.108259863,76.68430865,32.39255875,21.7346356,28.55706647,150
GHA,2,100,100,50,200,1,TRUE,4.993339062,0.798686279,11.85016115,4.956797403,3.318895215,3.801284747,150
BRA,4,30,100,100,500,0.1,TRUE,4.991069317,3.211140979,77.50950877,34.10553048,21.89987908,30.91263739,15
BRA,4,100,100,50,200,0.1,TRUE,4.98658514,0.798491307,12.02803807,5.438245936,3.381538313,4.834933909,15
GHA,2,30,100,50,200,1,TRUE,4.979166508,0.794044759,12.29540118,5.470878951,3.458815232,4.655098914,150
BRA,4,100,100,50,500,0.5,TRUE,4.967846155,1.053918045,75.78019631,31.33475662,22.22263565,28.1894177,75
BRA,4,30,100,100,500,1,TRUE,4.966204643,3.348315972,76.71652274,33.88399134,22.73221951,28.38555944,150
GHA,2,100,100,100,500,1,FALSE,4.949824095,3.266492629,76.19179359,32.21204836,21.30577834,29.39235511,150
BRA,8,100,100,100,200,0.5,TRUE,4.936219931,3.124746404,12.13057222,7.040143424,2.539443713,7.181430853,75
BRA,2,100,100,50,200,1,FALSE,4.92760253,0.779166286,12.21004956,5.355340788,3.322482195,4.981551309,150
GHA,2,30,100,100,500,1,FALSE,4.926126719,3.22422619,77.47217659,32.72335195,22.81617747,31.01842965,150
BRA,2,100,100,100,200,0.1,TRUE,4.916713715,3.146531139,12.36090477,6.81331652,2.693145762,6.080881256,15
BRA,4,30,100,50,500,1,TRUE,4.915127516,0.797657441,76.48055602,27.55155476,22.53928678,23.88427952,150
GHA,8,100,100,50,200,0.5,FALSE,4.902527571,0.810202768,12.27585801,5.11765168,3.569621604,4.007593954,75
GHA,2,30,100,100,500,0.1,TRUE,4.902035475,3.342079733,77.1347928,34.31589718,23.85196571,28.64673823,15
BRA,2,100,100,100,500,0.1,TRUE,4.901781321,3.129876716,76.83918732,29.9827437,22.43198152,22.22057874,15
BRA,8,100,100,100,500,1,FALSE,4.879277468,3.259065934,76.32635251,28.72448248,21.82143639,22.71287808,150
BRA,4,100,100,50,200,1,TRUE,4.877413511,0.801502939,12.16707279,5.961076214,3.712023788,5.428551374,150
BRA,16,30,100,100,500,0.1,FALSE,4.863756657,3.10691438,76.94088279,33.44411454,22.25234282,31.33782343,15
BRA,16,30,100,100,500,0.5,FALSE,4.852290154,3.466481882,77.45398318,33.59171882,19.93377763,33.59102474,75
BRA,16,100,100,50,500,1,TRUE,4.842066526,1.180688949,77.45280952,29.72661967,23.33348435,24.01981126,150
BRA,16,30,100,100,500,0.1,TRUE,4.837835073,3.10691438,76.94088279,33.44411454,22.25234282,31.33782343,15
BRA,2,100,100,50,200,0.1,FALSE,4.832110882,0.837361353,12.30920293,5.646396884,3.181094014,6.066418054,15
GHA,8,100,100,50,200,0.5,TRUE,4.824715137,0.810202768,12.27585801,5.11765168,3.569621604,4.007593954,75
BRA,8,30,100,50,500,0.5,TRUE,4.815379143,1.18276842,76.56915318,29.33155393,22.26175036,23.74362065,75
GHA,8,100,100,100,200,0.5,TRUE,4.809406996,3.242053435,12.35493088,7.185992804,2.850146053,7.2745281,75
BRA,16,100,100,100,200,0.5,TRUE,4.795171261,3.12448089,12.36878343,7.450440302,2.803898262,6.92458783,75
GHA,2,100,100,100,200,0.1,FALSE,4.772869825,3.295702644,12.33642734,6.917456029,2.630603576,6.442304306,15
BRA,4,30,100,100,500,0.5,TRUE,4.769520521,3.380641902,76.75067002,31.00065548,20.62237872,26.64432286,75
GHA,2,30,100,50,200,0.1,TRUE,4.762497663,0.77865539,12.41479197,5.620247095,3.431843287,5.62661286,15
BRA,2,30,100,100,500,0.5,FALSE,4.750203371,3.262388114,77.08923302,33.10995092,21.10344238,30.15449252,75
BRA,8,30,100,50,200,0.5,TRUE,4.749202967,0.840806486,12.4100004,5.687314246,3.510705654,5.201773817,75
GHA,8,30,100,100,200,1,FALSE,4.739803314,3.25365198,12.11920273,6.823828131,2.470370472,6.460111322,150
GHA,4,30,100,50,200,1,TRUE,4.737402678,0.794760653,12.36196096,4.963603836,3.580862959,3.61787284,150
GHA,4,30,100,100,200,1,TRUE,4.726577759,3.248745061,12.38504283,7.09140593,2.711681913,6.375133117,150
BRA,8,30,100,100,200,0.5,TRUE,4.721137762,3.125634716,12.29952144,6.910911738,2.650890942,6.196306025,75
GHA,2,100,100,100,200,1,TRUE,4.686941385,3.140872758,12.3946042,7.110634001,2.643246582,6.751113906,150
BRA,2,100,100,100,200,1,FALSE,4.671523809,3.234032031,12.34112933,7.231401545,2.562001646,7.017209504,150
GHA,16,100,100,100,500,1,FALSE,4.656465769,3.41935239,75.5704183,30.69555726,20.15057919,27.58838524,150
BRA,8,30,10,100,500,0.1,FALSE,4.64999032,6.798667018,64.77241872,35.01603767,21.20836532,32.90171904,15
GHA,8,30,100,50,200,0.5,TRUE,4.64283514,0.794657037,12.36010778,5.366749686,3.519594898,5.028183622,75
BRA,8,30,100,100,500,1,TRUE,4.637098551,3.126044636,77.08612885,33.67635019,23.08327392,26.61099456,150
GHA,16,100,100,100,500,1,TRUE,4.637001753,3.41935239,75.5704183,30.69555726,20.15057919,27.58838524,150
GHA,2,100,100,50,200,0.1,FALSE,4.634074688,0.800547135,12.09377866,4.966721986,3.110140769,4.724499706,15
BRA,8,30,100,100,500,0.1,TRUE,4.632529736,3.217299103,74.52484049,30.94987011,22.76314569,25.84622455,15
GHA,16,30,100,100,500,0.1,TRUE,4.631813288,3.445923433,77.04829705,31.23027297,20.90614151,29.68515271,15
BRA,4,100,100,50,500,0.1,TRUE,4.623870373,0.984416852,77.37672451,28.72990999,23.4140868,26.27674139,15
GHA,2,100,100,50,200,0.5,TRUE,4.621454716,0.804040799,12.26213539,5.276186743,3.472608996,4.568652731,75
GHA,16,100,100,50,200,0.1,TRUE,4.61838007,0.85348614,12.38885922,5.58560757,3.397937334,5.560050333,15
BRA,16,30,100,50,200,0.1,TRUE,4.617536545,0.849824866,12.08355778,5.663786609,3.419593575,5.271138458,15
BRA,4,100,100,100,200,0.5,TRUE,4.609291792,3.254214675,12.14704353,7.286543739,2.585287676,7.008493649,75
GHA,16,30,100,50,200,0.5,FALSE,4.604218245,0.918783555,12.06830609,5.940614284,3.589888707,6.215993825,75
BRA,8,100,100,50,500,0.1,TRUE,4.602414608,0.836164383,77.02140716,32.83637704,24.65668971,31.19900147,15
BRA,16,100,100,50,500,0.5,TRUE,4.587185383,0.795536789,75.32036191,29.24072467,21.10449885,25.1502042,75
GHA,4,30,100,100,500,1,TRUE,4.580060959,3.147011421,76.89696545,30.57558365,23.35359552,22.87449792,150
GHA,8,30,100,100,500,0.5,FALSE,4.562723398,3.238166391,76.67127025,34.90091402,23.15980273,33.50412504,75
BRA,16,30,100,100,200,0.1,FALSE,4.561954975,3.151178644,12.31537566,7.185726502,2.627397276,6.814436987,15
GHA,8,30,100,100,500,0.1,FALSE,4.556871176,4.327593136,76.60396228,34.08112072,22.23994391,29.25943997,15
BRA,4,30,100,100,200,0.5,TRUE,4.534497023,3.143368651,12.39639386,7.230186998,2.815566559,6.887641196,75
GHA,2,100,100,50,500,0.1,FALSE,4.533021927,0.892093107,76.49153365,29.81793145,22.89463743,23.40637063,15
GHA,16,100,100,50,200,0.1,FALSE,4.529477358,0.85348614,12.38885922,5.58560757,3.397937334,5.560050333,15
GHA,4,30,100,50,500,1,TRUE,4.483567953,0.915418718,73.2607415,26.5001463,20.81850478,20.35100372,150
GHA,16,30,100,100,200,0.5,FALSE,4.472301006,3.137806432,12.39596136,7.319628243,2.607483468,7.089068443,75
BRA,4,100,100,100,200,0.1,TRUE,4.466840982,3.259967602,12.18332191,7.536038708,2.752173306,7.826140895,15
GHA,8,30,100,100,200,0.1,TRUE,4.4635818,3.134352636,12.34040078,6.923214712,2.54643158,6.767872546,15
GHA,8,100,100,100,200,0.1,TRUE,4.460152864,3.116032488,12.12433239,6.881412988,2.515152582,6.430157701,15
GHA,2,30,100,100,200,0.5,FALSE,4.459592342,3.135326876,12.32756482,7.247998239,2.74638396,6.737826512,75
BRA,2,30,100,100,500,0.1,FALSE,4.418847084,3.132356423,75.72261187,26.64149197,20.7894894,19.39854201,15
GHA,2,100,100,100,500,1,TRUE,4.416398287,3.266492629,76.19179359,32.21204836,21.30577834,29.39235511,150
GHA,4,30,100,100,500,0.5,TRUE,4.414180517,3.108121487,75.83903831,28.19276508,21.56485796,22.84570819,75
BRA,16,100,100,50,500,0.1,TRUE,4.411327124,0.777405559,77.25990505,28.31079488,22.51725686,24.82298481,15
GHA,8,30,100,100,200,0.5,TRUE,4.40636301,3.306714349,12.33278617,7.023880308,2.687790728,6.505873192,75
GHA,4,100,100,100,500,0.5,TRUE,4.40500164,3.147456359,75.97832624,32.03667351,22.70213509,28.9779594,75
BRA,2,100,100,50,500,0.5,FALSE,4.401295185,0.852785825,77.4397651,30.17768852,23.89410424,24.59960914,75
BRA,8,100,100,50,500,0.1,FALSE,4.399637699,0.836164383,77.02140716,32.83637704,24.65668971,31.19900147,15
BRA,16,100,100,100,200,1,TRUE,4.396832705,3.465504956,12.29849343,7.707852661,2.667620054,7.922903411,150
GHA,8,100,100,50,500,0.1,TRUE,4.387733459,0.807302262,77.29962612,26.7394431,22.28915137,20.25798385,15
GHA,8,30,100,50,500,0.5,TRUE,4.385317564,0.803230121,76.49414396,30.59746459,22.38336775,31.80851506,75
GHA,2,30,100,100,200,1,FALSE,4.383786201,3.154416993,12.3549046,7.24355565,2.598023643,6.831678383,150
BRA,4,30,100,50,200,0.1,FALSE,4.381218195,0.797758073,12.30262616,5.858318046,3.482804412,5.67921898,15
BRA,16,100,100,100,200,0.1,TRUE,4.377355099,3.117884956,12.23066217,7.366469365,2.468811229,7.319345766,15
GHA,4,100,100,100,500,0.1,TRUE,4.377341509,3.804581973,72.47545511,31.43834437,20.08464491,30.23566893,15
GHA,4,100,100,50,200,0.5,TRUE,4.35160017,0.777583501,12.30146517,5.305409203,3.436136133,4.844958391,75
GHA,2,100,100,100,500,0.5,TRUE,4.350925446,3.14161438,77.15787987,31.04219834,23.30839626,22.70061623,75
BRA,4,100,100,100,500,0.5,TRUE,4.346626759,3.390777436,76.50539342,28.62583471,22.59536904,19.41678532,75
GHA,2,100,100,100,200,0.1,TRUE,4.345184088,3.295702644,12.33642734,6.917456029,2.630603576,6.442304306,15
GHA,16,30,100,100,200,0.1,TRUE,4.342699528,3.118272263,12.36251839,7.316064237,2.959209913,7.267363868,15
BRA,16,100,10,100,200,1,FALSE,4.334995985,3.252652768,12.30583352,6.721544473,2.838148209,6.46654706,150
GHA,4,30,100,50,500,1,FALSE,4.333792686,0.915418718,73.2607415,26.5001463,20.81850478,20.35100372,150
GHA,4,100,100,100,500,1,TRUE,4.331931591,3.11878086,76.8016575,32.20295502,20.8193299,29.02002329,150
BRA,16,30,100,50,500,0.1,TRUE,4.330308437,0.78320938,76.93064115,29.16949634,22.40684966,24.83165103,15
GHA,8,30,100,50,500,1,TRUE,4.311047077,0.777374298,77.52001749,26.54154287,20.76152463,20.00947407,150
BRA,8,30,100,100,200,0.1,TRUE,4.310336828,3.291429776,12.27399798,6.851469204,2.616343532,6.248257264,15
BRA,4,30,100,50,500,0.5,FALSE,4.302032232,0.866937695,73.09182257,27.02353331,20.87318258,22.08527153,75
BRA,8,30,100,100,500,0.1,FALSE,4.284602404,3.217299103,74.52484049,30.94987011,22.76314569,25.84622455,15
BRA,2,30,100,100,200,0.5,FALSE,4.283285618,3.145228229,12.39955853,7.558683503,2.673673115,7.644591016,75
BRA,8,100,100,100,200,0.1,FALSE,4.28168273,3.119209617,12.3486422,7.315220428,2.833605376,6.894192585,15
BRA,8,30,100,50,200,1,FALSE,4.268199205,0.926980646,12.35258525,6.060498181,3.503595921,5.640989437,150
GHA,4,100,100,50,500,0.5,TRUE,4.266221762,0.778414297,72.24984989,23.24618348,18.35144806,17.83679301,75
BRA,16,30,100,50,200,1,FALSE,4.26434207,0.820106704,12.33812236,5.332870352,3.612565825,4.705702725,150
GHA,4,30,100,50,500,0.5,TRUE,4.255069971,1.090596352,76.3759784,31.2085923,21.98778177,31.85281178,75
GHA,2,30,100,50,500,0.5,FALSE,4.251577616,0.79183014,76.73228047,27.65431212,21.70059236,21.55593602,75
GHA,2,30,100,100,200,0.1,FALSE,4.251174927,3.1841748,12.16214267,7.356963085,2.664195399,7.521388348,15
GHA,8,30,100,50,200,1,TRUE,4.247450352,0.846780009,12.08233125,4.691362489,3.413280498,3.431430162,150
GHA,2,100,100,100,200,0.5,TRUE,4.241888046,3.137722807,12.3506673,7.656531075,2.714193336,7.412172793,75
BRA,8,30,100,100,500,1,FALSE,4.239962339,3.126044636,77.08612885,33.67635019,23.08327392,26.61099456,150
BRA,8,30,100,50,500,0.1,TRUE,4.228338718,0.789842507,71.84849711,28.28798923,22.0223362,22.1973024,15
GHA,2,30,100,100,500,0.1,FALSE,4.219167233,3.342079733,77.1347928,34.31589718,23.85196571,28.64673823,15
BRA,8,30,100,100,200,1,FALSE,4.1996696,3.11204503,12.30296446,7.054911735,2.684196954,7.079925349,150
BRA,2,30,100,50,200,1,FALSE,4.197743893,0.779014519,12.27384633,5.570993864,3.367310916,5.100940835,150
BRA,16,100,100,50,200,0.5,FALSE,4.185050726,0.796651737,12.38483825,5.314528643,3.443210252,4.097906653,75
GHA,4,100,100,50,500,1,FALSE,4.177470207,0.800450232,76.27340891,30.58150232,22.91132691,26.70561486,150
BRA,16,100,100,50,500,0.5,FALSE,4.177292824,0.795536789,75.32036191,29.24072467,21.10449885,25.1502042,75
BRA,16,30,100,50,500,0.1,FALSE,4.173470974,0.78320938,76.93064115,29.16949634,22.40684966,24.83165103,15
BRA,16,100,100,50,200,0.1,TRUE,4.172896624,0.787171281,12.31018563,5.293226994,3.643530297,4.264238068,15
BRA,8,30,100,100,200,0.5,FALSE,4.168374538,3.125634716,12.29952144,6.910911738,2.650890942,6.196306025,75
GHA,16,30,100,100,500,0.1,FALSE,4.15993309,3.445923433,77.04829705,31.23027297,20.90614151,29.68515271,15
BRA,4,100,100,50,200,0.5,TRUE,4.123183012,0.874024584,12.3311739,5.648655095,3.403953681,5.199198529,75
BRA,8,30,100,100,500,0.5,FALSE,4.119558811,3.176816694,76.47853206,34.05129582,22.84264253,27.90309505,75
GHA,2,100,10,100,200,0.1,FALSE,4.117183208,4.358910736,9.941012387,7.370851422,2.13141842,8.047802624,15
BRA,8,100,10,50,200,1,TRUE,4.115172863,0.827220317,11.51168759,5.932098901,3.723015492,6.318890716,150
BRA,16,100,100,50,200,1,FALSE,4.114491463,0.795353149,12.39923028,5.875793497,3.626580869,5.195117767,150
BRA,4,100,100,100,500,0.1,TRUE,4.106674194,3.232469891,75.34551878,31.02075874,20.84566214,27.78558484,15
BRA,4,30,100,100,500,0.5,FALSE,4.101926565,3.380641902,76.75067002,31.00065548,20.62237872,26.64432286,75
GHA,4,30,100,50,500,0.5,FALSE,4.084410906,1.090596352,76.3759784,31.2085923,21.98778177,31.85281178,75
GHA,4,100,100,50,500,0.1,TRUE,4.07973361,0.839995598,77.286547,27.84675035,20.96843208,25.87764622,15
GHA,8,100,100,50,200,0.1,TRUE,4.075175047,0.920245309,11.91715234,5.506346673,3.295479755,5.378896788,15
GHA,4,100,100,50,200,0.1,TRUE,4.074855328,0.790288148,12.19849915,5.237665984,3.51727067,4.512503059,15
BRA,8,100,100,50,500,1,FALSE,4.061405182,0.794481501,76.98990862,31.9232568,24.44335181,26.21270988,150
GHA,8,30,100,100,500,1,FALSE,4.058496475,3.106587968,75.17127794,30.49249062,21.62611661,24.3117843,150
GHA,4,30,100,100,200,0.5,TRUE,4.047965765,3.153785595,12.31849112,7.178531771,2.646889136,7.018612631,75
GHA,8,100,100,100,500,1,FALSE,4.008493662,4.196625863,76.48009079,36.71543122,21.71853912,38.80409926,150
BRA,8,30,100,50,500,1,FALSE,3.999633789,0.78639677,76.511811,26.99451215,22.22724747,20.43904434,150
BRA,16,30,100,50,200,0.5,FALSE,3.977050304,0.884288414,12.31312197,5.358418729,3.65463152,4.114438104,75
GHA,2,100,100,100,500,0.1,TRUE,3.972015381,3.338855187,77.14662073,28.07767231,20.06197173,22.88993225,15
GHA,4,30,100,50,200,0.5,TRUE,3.947468758,0.821415592,12.36722306,5.417896107,3.604778264,4.299779767,75
GHA,8,30,100,100,500,0.1,TRUE,3.944691658,4.327593136,76.60396228,34.08112072,22.23994391,29.25943997,15
GHA,16,100,100,100,500,0.5,FALSE,3.909946203,3.2241574,76.5369041,29.17753055,20.12176559,27.69281498,75
BRA,4,100,100,50,500,1,FALSE,3.893600941,0.984927702,76.99204477,31.2687647,22.840251,28.99113765,150
BRA,16,100,100,100,500,0.1,TRUE,3.891000748,3.413159537,73.96679905,30.36796861,21.2955685,24.74138468,15
BRA,4,30,100,100,200,1,FALSE,3.865887165,3.220755032,12.05374243,7.56461941,2.596031785,7.686014355,150
BRA,16,100,100,100,500,0.1,FALSE,3.858466148,3.413159537,73.96679905,30.36796861,21.2955685,24.74138468,15
GHA,8,100,10,100,500,1,FALSE,3.839865685,6.446374759,66.3641283,32.27115674,20.16488885,27.06239123,150
GHA,8,30,100,50,500,0.1,TRUE,3.833188534,1.054941486,76.71111567,24.43422301,20.01077607,21.35377077,15
GHA,16,30,100,50,200,0.1,TRUE,3.824769497,0.791165791,12.30551191,5.201965366,3.525499321,4.274168615,15
GHA,4,30,100,100,500,0.1,TRUE,3.818271399,3.116560079,77.53168504,30.88017218,21.31652701,26.28336076,15
GHA,16,100,100,50,500,1,FALSE,3.816112518,0.828876048,77.5255034,26.15432508,23.13778365,17.86952909,150
BRA,4,30,100,50,200,0.1,TRUE,3.801540136,0.797758073,12.30262616,5.858318046,3.482804412,5.67921898,15
GHA,8,100,100,100,500,0.1,FALSE,3.796947002,3.117698065,75.22672149,34.87111034,23.55775605,32.52767508,15
BRA,4,30,100,100,200,0.5,FALSE,3.786732912,3.143368651,12.39639386,7.230186998,2.815566559,6.887641196,75
GHA,8,100,10,100,200,1,TRUE,3.78159833,3.50438253,11.39808311,7.902702611,2.591003851,8.919391418,150
GHA,4,30,100,50,500,0.1,TRUE,3.776924849,1.091376389,77.58358072,33.77043849,22.66088785,32.73174087,15
GHA,4,30,100,100,200,0.1,TRUE,3.762505293,3.121841274,12.28057573,7.648565711,2.773330824,7.907714782,15
BRA,4,30,100,50,500,1,FALSE,3.759638786,0.797657441,76.48055602,27.55155476,22.53928678,23.88427952,150
BRA,4,100,100,100,200,1,FALSE,3.758353472,3.141712203,12.13461911,6.900194837,2.562183663,6.562610962,150
BRA,16,100,100,100,200,0.5,FALSE,3.753201485,3.12448089,12.36878343,7.450440302,2.803898262,6.92458783,75
BRA,4,30,100,50,500,0.1,TRUE,3.747246504,0.903274033,76.12824344,30.77604126,23.2323046,24.10991028,15
GHA,8,30,10,100,500,1,TRUE,3.73829031,3.505819077,59.149741,32.05337009,18.77332502,34.39553737,150
BRA,2,30,100,50,500,0.1,FALSE,3.734501123,1.383370313,77.00465633,31.99545291,21.82693396,27.8846816,15
BRA,16,100,100,50,500,1,FALSE,3.734222412,1.180688949,77.45280952,29.72661967,23.33348435,24.01981126,150
BRA,16,100,100,100,500,1,FALSE,3.719045639,3.169643108,76.37389789,29.6602113,22.25377921,24.23104039,150
BRA,16,30,100,100,200,1,FALSE,3.71167922,3.2208626,12.4147135,7.220689367,2.949002404,7.527753159,150
GHA,16,100,10,100,500,0.5,TRUE,3.705158949,13.41356401,72.17370784,40.03873133,20.20803484,42.15046566,75
GHA,4,30,100,100,200,0.1,FALSE,3.700723648,3.121841274,12.28057573,7.648565711,2.773330824,7.907714782,15
BRA,2,100,100,100,200,0.1,FALSE,3.700432062,3.146531139,12.36090477,6.81331652,2.693145762,6.080881256,15
GHA,2,30,100,100,200,0.1,TRUE,3.695690155,3.1841748,12.16214267,7.356963085,2.664195399,7.521388348,15
GHA,8,30,100,50,200,0.1,TRUE,3.686716557,0.779151314,12.32336446,5.57567218,3.396180385,5.527956184,15
GHA,16,100,10,50,200,1,TRUE,3.673723221,1.799490514,9.685329858,4.664019588,2.567543187,4.012919572,150
BRA,16,30,100,50,200,0.1,FALSE,3.672489166,0.849824866,12.08355778,5.663786609,3.419593575,5.271138458,15
BRA,8,100,100,50,200,1,FALSE,3.66753602,0.804289114,12.1170113,5.570065168,3.342596083,5.044360491,150
GHA,2,30,100,50,500,1,FALSE,3.666337967,0.946940367,75.85913585,32.08483368,23.22428849,26.96505012,150
GHA,4,100,100,100,200,1,FALSE,3.663219213,3.114177372,12.40040204,7.073318962,2.729247692,6.485536121,150
BRA,8,100,100,50,200,0.5,FALSE,3.645325661,0.864029478,12.07899488,5.858640168,3.456584559,5.363571618,75
BRA,2,30,100,100,200,0.1,FALSE,3.622495651,3.110455369,12.41072159,7.724487901,2.961642683,7.611127892,15
GHA,16,100,100,50,500,0.1,TRUE,3.617896557,0.784115837,77.4841196,31.40639932,24.71521959,24.58324315,15
GHA,16,100,100,50,500,0.5,FALSE,3.617748499,1.115818566,76.33965135,26.22591286,22.70989568,20.21375688,75
GHA,4,30,100,100,500,1,FALSE,3.613652468,3.147011421,76.89696545,30.57558365,23.35359552,22.87449792,150
GHA,16,100,10,50,200,0.5,TRUE,3.591035366,1.580165822,11.79798551,7.143626515,3.649948553,8.242766686,75
GHA,16,100,100,100,500,0.1,FALSE,3.589950562,4.022281243,76.38605366,36.39739774,22.13890007,34.5794277,15
BRA,8,30,100,50,500,0.5,FALSE,3.565409422,1.18276842,76.56915318,29.33155393,22.26175036,23.74362065,75
GHA,4,100,100,100,200,0.1,TRUE,3.552249193,3.133358087,12.25813351,7.695282923,2.72568892,7.784224409,15
GHA,16,30,100,50,500,0.1,FALSE,3.546553135,1.350123418,77.45918696,29.15027562,22.93626643,26.1252574,15
BRA,2,100,100,100,500,0.5,FALSE,3.52677393,4.31903239,77.47027051,32.69571026,22.71955305,28.63936834,75
BRA,8,100,100,100,500,0.5,FALSE,3.524252892,3.872419552,77.3867836,31.96814475,21.95035354,27.53772047,75
BRA,4,30,100,100,200,0.1,FALSE,3.517767906,3.130727698,12.23998818,7.590211146,2.648245401,7.740106462,15
GHA,8,30,100,50,500,1,FALSE,3.514921665,0.777374298,77.52001749,26.54154287,20.76152463,20.00947407,150
GHA,8,100,100,50,200,0.1,FALSE,3.498798609,0.920245309,11.91715234,5.506346673,3.295479755,5.378896788,15
BRA,2,100,100,100,200,0.5,FALSE,3.483384609,3.110437238,12.1465847,7.293989006,2.580990436,6.92159844,75
BRA,2,30,10,100,500,1,TRUE,3.483278275,5.453487124,73.41092999,32.85267024,21.8941842,29.20035816,150
GHA,16,100,100,50,500,0.1,FALSE,3.467732668,0.784115837,77.4841196,31.40639932,24.71521959,24.58324315,15
BRA,2,100,10,100,500,0.5,FALSE,3.463477612,3.200488935,75.07355853,35.47726804,27.57179226,31.91872205,75
GHA,16,30,100,50,200,1,FALSE,3.455986023,0.781589816,12.1592219,5.540557049,3.481974241,4.716521305,150
GHA,4,30,100,50,200,0.1,TRUE,3.444549561,0.803498711,11.94107836,4.843207492,3.096195383,4.288643339,15
BRA,2,100,100,50,500,0.1,FALSE,3.436252594,0.78288149,77.14454196,27.00947683,22.5703693,20.20543092,15
GHA,16,100,100,50,200,1,FALSE,3.431848288,0.829511132,12.24876928,5.385857801,3.445106058,4.64968392,150
BRA,16,30,10,100,500,1,TRUE,3.426637173,4.464271131,68.90656242,27.32951505,23.99932188,14.58330636,150
BRA,4,100,100,50,200,0.1,FALSE,3.399845362,0.798491307,12.02803807,5.438245936,3.381538313,4.834933909,15
BRA,16,100,10,50,200,1,TRUE,3.363370895,1.279918518,9.460480469,6.030685981,2.523599272,6.539434652,150
GHA,8,100,100,100,200,0.5,FALSE,3.35241437,3.242053435,12.35493088,7.185992804,2.850146053,7.2745281,75
BRA,4,100,100,50,200,0.5,FALSE,3.343848705,0.874024584,12.3311739,5.648655095,3.403953681,5.199198529,75
BRA,4,100,100,50,200,1,FALSE,3.343551636,0.801502939,12.16707279,5.961076214,3.712023788,5.428551374,150
GHA,4,30,100,50,500,0.1,FALSE,3.3430264,1.091376389,77.58358072,33.77043849,22.66088785,32.73174087,15
BRA,4,100,10,50,500,1,TRUE,3.34210062,2.967594651,72.31088292,33.85530116,23.34651306,33.29441183,150
GHA,8,100,100,50,500,1,FALSE,3.340745926,1.086742431,77.44533795,30.90224837,22.52468816,28.77919599,150
BRA,16,30,100,100,200,0.5,FALSE,3.332526684,3.199855793,12.27800734,7.117123292,2.723559422,6.5839527,75
GHA,8,100,10,100,500,0.5,FALSE,3.33127594,3.933447381,57.68579416,24.89088968,18.02742546,18.82145781,75
GHA,16,100,100,100,200,1,FALSE,3.329995394,3.105142147,12.30497549,7.350061955,2.696727454,7.177434735,150
BRA,8,100,100,100,500,0.1,FALSE,3.323152304,3.577698099,77.58927579,34.40739097,21.90136027,29.6882449,15
BRA,2,100,10,100,200,1,TRUE,3.2981987,3.132055536,11.78688211,7.571463191,2.84971588,7.309075056,150
BRA,16,100,100,100,200,0.1,FALSE,3.289763212,3.117884956,12.23066217,7.366469365,2.468811229,7.319345766,15
BRA,16,100,100,50,200,0.1,FALSE,3.273930073,0.787171281,12.31018563,5.293226994,3.643530297,4.264238068,15
BRA,4,30,10,50,500,1,TRUE,3.258913279,1.792642017,67.10159275,26.20661766,19.73149852,24.6407401,150
GHA,8,100,100,100,200,0.1,FALSE,3.255721569,3.116032488,12.12433239,6.881412988,2.515152582,6.430157701,15
BRA,8,100,100,50,500,0.5,FALSE,3.252805233,0.812991945,77.28180959,29.83730597,23.25164508,22.62234736,75
BRA,16,100,100,100,200,1,FALSE,3.249363184,3.465504956,12.29849343,7.707852661,2.667620054,7.922903411,150
BRA,4,100,100,100,500,0.5,FALSE,3.246659517,3.390777436,76.50539342,28.62583471,22.59536904,19.41678532,75
BRA,2,100,10,50,200,0.5,TRUE,3.234699726,0.866165478,8.88620242,2.779597399,2.317251273,1.878001847,75
BRA,2,100,100,100,500,1,FALSE,3.222416162,3.108259863,76.68430865,32.39255875,21.7346356,28.55706647,150
BRA,8,100,100,100,200,1,FALSE,3.200999022,3.281216628,12.28692414,7.56598962,2.702367025,7.218167356,150
GHA,2,30,100,50,200,0.1,FALSE,3.183938503,0.77865539,12.41479197,5.620247095,3.431843287,5.62661286,15
BRA,8,30,100,50,200,0.5,FALSE,3.18366003,0.840806486,12.4100004,5.687314246,3.510705654,5.201773817,75
BRA,8,100,10,50,200,0.1,TRUE,3.181334257,0.888634537,10.88231374,5.083651803,3.334343664,4.465321755,15
GHA,8,30,100,50,500,0.5,FALSE,3.149518013,0.803230121,76.49414396,30.59746459,22.38336775,31.80851506,75
BRA,8,30,10,100,500,0.5,TRUE,3.118384361,10.41725849,35.24297921,21.6137452,8.627788086,20.35070414,75
GHA,2,30,100,50,500,0.1,FALSE,3.117460489,0.887615083,77.29548625,30.73646137,24.22327781,27.45983692,15
GHA,16,100,10,100,500,1,TRUE,3.114162922,4.974618361,68.40378472,23.28816547,19.05163996,15.82115975,150
GHA,4,30,100,100,500,0.5,FALSE,3.111761808,3.108121487,75.83903831,28.19276508,21.56485796,22.84570819,75
BRA,2,100,10,100,500,1,TRUE,3.107146025,5.787461957,75.58646484,35.72828693,23.3610996,29.75870552,150
GHA,4,100,100,100,500,1,FALSE,3.10346508,3.11878086,76.8016575,32.20295502,20.8193299,29.02002329,150
GHA,8,30,100,50,200,0.1,FALSE,3.062218189,0.779151314,12.32336446,5.57567218,3.396180385,5.527956184,15
BRA,2,100,10,50,500,0.5,TRUE,3.052961111,1.905549637,76.01212546,38.16489793,28.18985831,49.27486608,75
GHA,8,30,100,50,200,1,FALSE,3.044161558,0.846780009,12.08233125,4.691362489,3.413280498,3.431430162,150
BRA,8,100,100,50,200,0.1,FALSE,3.034285784,0.898538709,12.34354452,5.989235303,3.107081788,5.409090649,15
BRA,4,30,100,100,500,0.1,FALSE,3.018073559,3.211140979,77.50950877,34.10553048,21.89987908,30.91263739,15
BRA,2,30,100,50,200,0.1,FALSE,3.013418198,0.919373415,12.41265659,5.703822355,3.409538394,4.566830571,15
BRA,4,30,100,100,500,1,FALSE,3.009008646,3.348315972,76.71652274,33.88399134,22.73221951,28.38555944,150
GHA,16,30,10,50,500,1,TRUE,2.987533808,1.368365993,66.79318543,19.33038741,22.83587692,4.733858219,150
BRA,8,100,100,100,200,0.5,FALSE,2.983057737,3.124746404,12.13057222,7.040143424,2.539443713,7.181430853,75
BRA,8,30,100,100,200,0.1,FALSE,2.971033096,3.291429776,12.27399798,6.851469204,2.616343532,6.248257264,15
BRA,4,100,100,50,500,0.1,FALSE,2.953939676,0.984416852,77.37672451,28.72990999,23.4140868,26.27674139,15
BRA,4,100,100,100,500,1,FALSE,2.952687979,3.231853601,74.99455916,30.38325728,20.13432968,28.8039891,150
GHA,8,30,100,100,200,0.1,FALSE,2.928906679,3.134352636,12.34040078,6.923214712,2.54643158,6.767872546,15
BRA,8,30,100,50,200,0.1,FALSE,2.926952362,0.82693676,12.19284875,5.770230943,3.480672814,4.924339533,15
GHA,4,100,100,50,200,0.1,FALSE,2.925987959,0.790288148,12.19849915,5.237665984,3.51727067,4.512503059,15
BRA,4,30,100,50,200,0.5,FALSE,2.90894413,0.804391775,12.26069578,5.355647404,3.27469107,4.836870708,75
BRA,4,100,100,50,500,0.5,FALSE,2.898926258,1.053918045,75.78019631,31.33475662,22.22263565,28.1894177,75
BRA,8,100,10,50,500,0.5,TRUE,2.893656969,7.956827338,65.47816645,34.02015531,19.06179428,39.26217139,75
GHA,2,30,100,50,200,0.5,FALSE,2.889926672,0.786886481,12.08465657,4.822900387,3.340759898,3.907970411,75
BRA,8,30,100,50,500,0.1,FALSE,2.876573086,0.789842507,71.84849711,28.28798923,22.0223362,22.1973024,15
GHA,4,100,100,100,500,0.5,FALSE,2.87079215,3.147456359,75.97832624,32.03667351,22.70213509,28.9779594,75
BRA,2,100,10,100,500,0.5,TRUE,2.834383965,3.200488935,75.07355853,35.47726804,27.57179226,31.91872205,75
BRA,16,30,10,100,200,1,FALSE,2.808029413,3.175473764,12.21453101,7.975904863,3.100956655,9.051720254,150
BRA,8,100,10,100,200,0.5,TRUE,2.80306983,3.273031423,10.45989116,6.866207331,2.148357523,6.528236446,75
BRA,16,30,10,50,500,1,FALSE,2.779331684,2.287297075,69.22076185,29.91285346,19.51679825,29.16864124,150
GHA,16,30,100,50,200,0.1,FALSE,2.775365114,0.791165791,12.30551191,5.201965366,3.525499321,4.274168615,15
GHA,4,30,100,50,200,0.1,FALSE,2.772347212,0.803498711,11.94107836,4.843207492,3.096195383,4.288643339,15
GHA,8,100,100,50,500,0.1,FALSE,2.762341022,0.807302262,77.29962612,26.7394431,22.28915137,20.25798385,15
BRA,2,30,10,50,200,1,TRUE,2.760305405,0.780052267,11.86768736,7.287071073,3.801348782,8.000989369,150
BRA,2,100,100,100,500,0.1,FALSE,2.752472162,3.129876716,76.83918732,29.9827437,22.43198152,22.22057874,15
BRA,4,30,100,50,500,0.1,FALSE,2.748531818,0.903274033,76.12824344,30.77604126,23.2323046,24.10991028,15
BRA,16,100,100,50,500,0.1,FALSE,2.741136312,0.777405559,77.25990505,28.31079488,22.51725686,24.82298481,15
GHA,8,30,100,50,500,0.1,FALSE,2.722702503,1.054941486,76.71111567,24.43422301,20.01077607,21.35377077,15
BRA,4,30,10,50,500,1,FALSE,2.718799353,1.792642017,67.10159275,26.20661766,19.73149852,24.6407401,150
GHA,2,100,10,100,200,0.5,TRUE,2.718005657,3.549838273,11.10878957,6.824158784,2.35299716,6.619085217,75
BRA,2,100,10,50,200,1,TRUE,2.709665298,1.346003578,10.51749553,6.465643609,3.501009586,8.037679277,150
BRA,4,100,10,50,200,1,FALSE,2.709471464,2.141796969,10.76877776,6.105606931,2.978599446,6.416442487,150
BRA,8,100,10,100,500,0.5,FALSE,2.700829744,3.216971583,71.43318414,31.64066217,26.67829152,24.4445026,75
BRA,16,30,10,50,200,0.5,TRUE,2.679430246,0.796523397,12.1265564,4.884117722,2.890994262,4.792959908,75
GHA,16,100,10,50,500,0.5,TRUE,2.664593697,1.025659075,71.54041341,16.89277415,19.66938037,12.80781443,75
BRA,2,30,10,100,200,0.5,TRUE,2.661603451,4.338402601,11.51718676,7.491438088,2.400060591,7.194030159,75
GHA,4,30,100,100,200,0.5,FALSE,2.654473305,3.153785595,12.31849112,7.178531771,2.646889136,7.018612631,75
BRA,4,100,100,100,500,0.1,FALSE,2.648537636,3.232469891,75.34551878,31.02075874,20.84566214,27.78558484,15
BRA,8,100,10,50,500,0.1,FALSE,2.644196033,1.245245784,58.51918821,12.72134459,18.2702169,3.174475336,15
BRA,8,100,10,50,500,1,TRUE,2.640571594,1.226146681,57.5016219,24.3765455,19.71487877,15.9366611,150
GHA,4,30,100,50,200,0.5,FALSE,2.63628912,0.821415592,12.36722306,5.417896107,3.604778264,4.299779767,75
GHA,8,30,100,100,200,0.5,FALSE,2.636146545,3.306714349,12.33278617,7.023880308,2.687790728,6.505873192,75
BRA,2,100,10,100,200,0.1,FALSE,2.634147644,3.380212043,11.87566787,6.579759914,2.950273644,4.992736851,15
GHA,4,100,100,50,200,0.5,FALSE,2.630346298,0.777583501,12.30146517,5.305409203,3.436136133,4.844958391,75
BRA,8,100,10,50,500,0.5,FALSE,2.626549006,7.956827338,65.47816645,34.02015531,19.06179428,39.26217139,75
GHA,4,100,100,100,200,0.1,FALSE,2.623171329,3.133358087,12.25813351,7.695282923,2.72568892,7.784224409,15
GHA,16,30,10,100,500,0.5,FALSE,2.600692272,4.986855156,75.28328764,28.8135593,23.07859011,18.920676,75
BRA,8,100,10,100,500,1,TRUE,2.599674225,3.480257382,75.72761824,35.13280483,24.04233706,31.2098377,150
BRA,8,100,10,100,200,1,TRUE,2.588163614,3.427423222,12.37022783,8.682754596,2.544307681,8.681229192,150
BRA,4,30,10,100,500,0.5,FALSE,2.582838535,11.56273499,74.95396489,43.08732276,21.50170597,40.37596831,75
BRA,8,100,10,100,500,0.1,FALSE,2.580304384,5.447918531,70.12896868,38.32858947,22.26910957,43.76322184,15
BRA,16,30,10,100,200,0.5,FALSE,2.569958925,3.388832752,11.51737358,6.895736591,2.679769909,6.13630984,75
BRA,4,30,10,100,200,1,FALSE,2.56885457,3.926081508,10.88442653,7.494963341,2.066711403,7.742972624,150
BRA,4,30,10,100,500,0.1,FALSE,2.566182375,7.431168964,72.4196088,30.45731936,22.44615029,15.95039748,15
GHA,4,100,100,100,500,0.1,FALSE,2.549312115,3.804581973,72.47545511,31.43834437,20.08464491,30.23566893,15
BRA,8,100,10,100,200,0.1,FALSE,2.532648802,4.008571437,11.89040086,8.039367696,2.858808713,8.445867691,15
GHA,8,30,100,50,200,0.5,FALSE,2.530212879,0.794657037,12.36010778,5.366749686,3.519594898,5.028183622,75
BRA,4,30,10,50,500,0.1,FALSE,2.518796444,0.889215529,74.68503773,26.43661314,25.59820609,17.21114859,15
GHA,4,100,100,50,500,0.5,FALSE,2.517526388,0.778414297,72.24984989,23.24618348,18.35144806,17.83679301,75
BRA,2,100,10,100,200,0.1,TRUE,2.515700579,3.380212043,11.87566787,6.579759914,2.950273644,4.992736851,15
GHA,2,30,10,50,500,0.5,TRUE,2.486029625,1.29630659,57.48136045,28.01993663,20.45408953,30.67313738,75
BRA,8,30,10,100,200,1,FALSE,2.481666803,6.016569395,11.91132465,8.698209215,2.028628851,7.835522707,150
BRA,4,30,10,50,200,1,TRUE,2.47299552,1.150674178,12.06312654,6.147613904,3.555142092,5.592600701,150
GHA,4,30,100,100,200,1,FALSE,2.469538212,3.248745061,12.38504283,7.09140593,2.711681913,6.375133117,150
GHA,2,30,10,50,500,0.1,TRUE,2.467549562,8.37813887,54.82398899,29.91142569,12.35683925,28.16085087,15
BRA,4,100,100,100,200,0.1,FALSE,2.465692043,3.259967602,12.18332191,7.536038708,2.752173306,7.826140895,15
BRA,2,30,10,100,500,0.1,FALSE,2.460268021,4.522817004,71.65096041,37.59384509,22.4781624,36.86915362,15
GHA,2,30,10,100,500,1,TRUE,2.456926346,3.61053464,66.190378,29.15230062,19.96504216,23.76414585,150
BRA,16,100,10,100,500,0.5,TRUE,2.454689741,9.22556998,73.24920391,28.36977888,18.19723021,27.02653859,75
BRA,4,100,10,100,500,1,FALSE,2.452663183,12.41258148,74.97328819,35.78261113,22.29735094,28.01991038,150
GHA,4,100,100,50,200,1,FALSE,2.441181183,0.828028381,12.21616725,5.326393112,3.536360757,4.781906693,150
BRA,8,30,10,100,200,0.1,FALSE,2.417687654,4.248765982,11.62920662,7.803371287,2.601769776,7.43166056,15
GHA,8,100,10,50,500,1,FALSE,2.39347887,4.737349344,77.19350842,42.8745168,24.13825768,41.23459548,150
BRA,16,30,10,50,500,0.1,FALSE,2.39289856,0.968631046,75.76262979,34.07867785,30.2760505,30.43117368,15
BRA,2,100,10,50,200,0.1,TRUE,2.388700962,1.145718308,10.84516879,5.539833963,3.317858013,4.753537921,15
GHA,4,30,100,100,500,0.1,FALSE,2.383818865,3.116560079,77.53168504,30.88017218,21.31652701,26.28336076,15
BRA,16,100,10,100,200,0.1,FALSE,2.37881875,3.130347404,12.22462551,7.671953514,3.290304168,7.547762324,15
GHA,4,100,100,50,500,0.1,FALSE,2.373753786,0.839995598,77.286547,27.84675035,20.96843208,25.87764622,15
BRA,2,30,10,50,500,0.5,FALSE,2.373558998,1.844149003,53.94916765,26.87071502,17.55532586,24.06645453,75
BRA,8,100,10,100,200,0.1,TRUE,2.371802568,4.008571437,11.89040086,8.039367696,2.858808713,8.445867691,15
BRA,2,30,10,100,500,0.1,TRUE,2.367919207,4.522817004,71.65096041,37.59384509,22.4781624,36.86915362,15
BRA,2,30,10,100,200,0.1,TRUE,2.364245653,3.300451332,9.390501002,6.064503033,1.884146497,5.649849347,15
GHA,4,100,100,100,200,0.5,FALSE,2.363222837,3.162455349,12.01749568,7.311681664,2.563003135,7.509633214,75
BRA,16,30,10,50,200,0.5,FALSE,2.362615824,0.796523397,12.1265564,4.884117722,2.890994262,4.792959908,75
BRA,2,100,10,50,200,0.5,FALSE,2.35061264,0.866165478,8.88620242,2.779597399,2.317251273,1.878001847,75
BRA,8,30,10,50,500,0.1,TRUE,2.342821598,0.832178995,74.34058683,32.5977896,24.68348227,32.69227995,15
BRA,4,30,10,50,500,0.1,TRUE,2.336909771,0.889215529,74.68503773,26.43661314,25.59820609,17.21114859,15
GHA,4,30,100,50,200,1,FALSE,2.309292078,0.794760653,12.36196096,4.963603836,3.580862959,3.61787284,150
BRA,8,30,10,50,200,0.5,FALSE,2.308927059,1.024206573,9.007005517,4.500412042,2.613225845,3.93081137,75
BRA,16,30,10,50,500,0.1,TRUE,2.305972815,0.968631046,75.76262979,34.07867785,30.2760505,30.43117368,15
GHA,8,30,10,50,500,1,TRUE,2.302470446,0.887911347,58.70639288,27.37512094,16.88674549,28.94264599,150
BRA,4,30,10,100,500,1,TRUE,2.301924706,3.883581605,53.36841793,20.74263869,16.61934666,16.49618136,150
GHA,16,100,100,100,200,0.1,FALSE,2.300517559,3.121784894,12.41533591,7.273774916,2.670076046,6.983068851,15
BRA,8,100,10,100,500,1,FALSE,2.282575369,3.480257382,75.72761824,35.13280483,24.04233706,31.2098377,150
BRA,4,100,10,50,200,1,TRUE,2.279333591,2.141796969,10.76877776,6.105606931,2.978599446,6.416442487,150
BRA,4,100,100,100,200,0.5,FALSE,2.274046421,3.254214675,12.14704353,7.286543739,2.585287676,7.008493649,75
BRA,2,30,10,50,200,1,FALSE,2.268089771,0.780052267,11.86768736,7.287071073,3.801348782,8.000989369,150
BRA,2,100,10,100,200,0.5,TRUE,2.248661518,3.352508311,9.635508964,5.204598465,1.779940882,5.101439981,75
BRA,2,100,10,50,200,1,FALSE,2.247613192,1.346003578,10.51749553,6.465643609,3.501009586,8.037679277,150
BRA,4,100,10,100,200,0.5,TRUE,2.245905399,4.09809961,12.26776694,6.747718854,2.368491498,6.030445833,75
BRA,4,30,10,50,200,1,FALSE,2.239099503,1.150674178,12.06312654,6.147613904,3.555142092,5.592600701,150
BRA,16,100,10,100,500,1,TRUE,2.234953642,8.610811683,63.4231773,26.12866888,16.65736739,20.52833405,150
BRA,4,100,10,50,200,0.5,TRUE,2.219583511,1.88848123,12.29588713,6.75551555,3.555156096,6.084026038,75
BRA,2,30,10,50,500,0.5,TRUE,2.212529659,1.844149003,53.94916765,26.87071502,17.55532586,24.06645453,75
BRA,2,100,10,100,500,0.1,FALSE,2.198788643,3.20650603,73.73768581,22.85815213,22.45756122,16.13174517,15
BRA,16,30,10,100,500,0.5,FALSE,2.198265314,9.417541916,70.89907111,37.48252591,23.36856903,33.43907668,75
BRA,16,30,10,50,500,0.5,TRUE,2.194133759,3.362063193,75.17583966,28.65815203,25.25564311,15.67636334,75
GHA,16,100,10,50,500,1,TRUE,2.18396616,1.500309322,77.51932753,37.13077471,26.48982159,32.10931984,150
GHA,16,100,10,100,500,0.5,FALSE,2.183625937,13.41356401,72.17370784,40.03873133,20.20803484,42.15046566,75
BRA,16,30,10,100,500,1,FALSE,2.183577061,4.464271131,68.90656242,27.32951505,23.99932188,14.58330636,150
BRA,2,100,10,100,200,0.5,FALSE,2.169802904,3.352508311,9.635508964,5.204598465,1.779940882,5.101439981,75
BRA,4,30,10,50,200,0.1,TRUE,2.16078186,0.804049784,12.25563445,4.983310356,3.782376942,3.129503423,15
BRA,4,100,10,100,500,1,TRUE,2.156030655,12.41258148,74.97328819,35.78261113,22.29735094,28.01991038,150
BRA,2,30,10,100,200,1,TRUE,2.155920744,4.841951246,11.32480528,7.863882972,2.02873774,7.359316984,150
GHA,2,100,10,50,200,0.5,TRUE,2.155389309,1.528134169,7.591423724,3.468887701,1.712771512,2.924737624,75
BRA,2,30,10,50,200,0.1,FALSE,2.155119658,1.275592316,11.8980495,5.362212437,3.92195554,3.666749734,15
BRA,16,100,10,100,200,0.5,FALSE,2.152867794,3.279561723,11.25585334,6.792799154,2.966736498,6.036332339,75
GHA,2,30,10,100,500,0.5,TRUE,2.151223183,5.014638273,75.67447548,34.22269003,23.14578292,35.32148578,75
BRA,2,30,10,50,500,1,TRUE,2.150631189,2.836970398,61.8691274,27.69693023,20.8677738,19.42870895,150
GHA,16,30,10,50,200,0.1,TRUE,2.149469852,0.79720095,10.6751032,4.76579073,2.913247704,3.659162103,15
BRA,16,100,10,50,500,0.5,FALSE,2.142697573,2.330777318,75.91912665,22.92175978,24.19131688,10.734053,75
BRA,16,30,10,50,200,1,TRUE,2.141836405,0.785737527,11.92467674,5.493962555,3.824079617,4.28919581,150
BRA,4,100,10,50,500,0.1,TRUE,2.140909672,1.107462805,63.30739842,16.73418793,18.44001862,11.17303558,15
BRA,16,100,10,50,500,1,FALSE,2.137560129,9.617271389,70.21209974,32.27043838,20.71131788,29.43140279,150
BRA,8,100,10,50,500,0.1,TRUE,2.13258791,1.245245784,58.51918821,12.72134459,18.2702169,3.174475336,15
GHA,2,30,10,100,200,1,TRUE,2.130012274,4.050681893,11.01839939,8.265881637,2.203655453,8.680950489,150
BRA,8,100,10,100,500,0.5,TRUE,2.116303205,3.216971583,71.43318414,31.64066217,26.67829152,24.4445026,75
BRA,2,100,10,50,500,1,TRUE,2.114079952,5.150269976,71.900265,38.43089933,22.90971699,33.47297426,150
BRA,4,30,10,100,200,0.1,TRUE,2.101805687,3.307669653,11.65883166,7.545304193,3.074773185,7.926695459,15
BRA,4,30,10,100,500,1,FALSE,2.098686218,3.883581605,53.36841793,20.74263869,16.61934666,16.49618136,150
BRA,2,30,10,100,200,0.1,FALSE,2.08963418,3.300451332,9.390501002,6.064503033,1.884146497,5.649849347,15
BRA,4,100,10,100,500,0.1,FALSE,2.082160711,6.853246049,63.0514954,30.27399313,16.56959293,27.51297058,15
BRA,16,100,10,50,500,1,TRUE,2.078927755,9.617271389,70.21209974,32.27043838,20.71131788,29.43140279,150
GHA,4,100,10,100,200,0.1,FALSE,2.076901197,4.480355691,11.47169926,6.865572239,2.146666523,6.375795596,15
BRA,2,30,10,100,500,0.5,FALSE,2.076879263,3.47470738,65.1252709,24.83968647,24.41541704,8.981023891,75
BRA,16,100,10,50,200,0.5,FALSE,2.07590127,1.428811839,8.940289682,4.759146008,2.77850665,4.222448577,75
GHA,16,100,10,100,200,0.5,TRUE,2.072161674,3.286473605,8.660570132,5.527522958,1.938677738,4.549041625,75
BRA,16,30,10,100,200,0.5,TRUE,2.069507599,3.388832752,11.51737358,6.895736591,2.679769909,6.13630984,75
BRA,4,30,10,50,500,0.5,FALSE,2.053862095,0.999271907,71.09028642,18.58848172,19.98515041,13.58451032,75
BRA,16,30,10,100,500,0.1,TRUE,2.048853636,7.168787519,73.89293799,38.86249933,21.49921823,33.59784759,15
BRA,2,30,10,50,200,0.5,TRUE,2.048150301,1.667739426,11.03619471,5.224962957,3.175306169,4.126130703,75
BRA,2,30,10,100,200,0.5,FALSE,2.047720909,4.338402601,11.51718676,7.491438088,2.400060591,7.194030159,75
GHA,8,100,10,50,200,0.5,FALSE,2.042428255,1.775278843,10.66394831,4.391095465,2.511067976,4.043238067,75
BRA,16,30,10,100,500,0.1,FALSE,2.0422194,7.168787519,73.89293799,38.86249933,21.49921823,33.59784759,15
GHA,16,100,10,50,500,0.1,TRUE,2.040447474,6.664371273,70.1592557,34.07029057,19.63325536,38.86376905,15
GHA,16,30,10,100,500,1,TRUE,2.034497738,16.50418876,73.04277447,44.51672366,20.53997935,43.75360389,150
GHA,16,100,10,100,200,1,TRUE,2.033151865,3.375030416,9.490675252,6.807451762,2.307441492,7.448602389,150
GHA,16,30,10,50,500,0.5,TRUE,2.025285244,1.700279786,75.82290346,28.67741954,26.5237066,12.08245748,75
GHA,16,30,10,100,200,0.5,TRUE,2.024243116,5.142985053,12.17515047,8.950567454,2.470744264,9.796516815,75
BRA,8,30,10,100,500,0.5,FALSE,2.015992165,10.41725849,35.24297921,21.6137452,8.627788086,20.35070414,75
BRA,4,100,10,100,500,0.5,TRUE,2.006184816,5.213220087,44.22685822,20.72461528,14.12981443,18.06630668,75
BRA,4,30,10,50,200,0.5,FALSE,2.002585888,0.819803887,10.58680511,4.31171405,3.424176255,2.968909725,75
BRA,8,30,10,50,500,0.5,TRUE,2.002173185,1.129919997,75.55900649,18.3027223,23.07461238,7.289433026,75
GHA,8,100,10,50,500,0.5,FALSE,2.000137568,2.766335919,77.16881233,39.5542512,29.78760654,34.75746854,75
GHA,16,100,10,50,500,0.5,FALSE,1.999812841,1.025659075,71.54041341,16.89277415,19.66938037,12.80781443,75
BRA,16,30,10,50,200,0.1,TRUE,1.994496346,1.3918472,11.45118513,5.567196442,3.434229662,5.056051965,15
BRA,4,30,10,100,500,0.5,TRUE,1.994188309,11.56273499,74.95396489,43.08732276,21.50170597,40.37596831,75
BRA,4,100,10,100,200,0.1,FALSE,1.992635965,4.171681102,10.35671466,6.842095826,1.796218719,6.571748868,15
BRA,4,100,10,100,200,1,FALSE,1.992292643,3.447129321,12.29680321,8.499422817,3.305527838,9.348728231,150
BRA,2,30,10,50,500,1,FALSE,1.991236687,2.836970398,61.8691274,27.69693023,20.8677738,19.42870895,150
BRA,8,30,10,50,500,1,TRUE,1.985002279,4.763347573,76.7831512,37.48863523,23.14892685,35.62409944,150
GHA,2,100,10,100,200,1,FALSE,1.984685421,3.695036728,10.62638249,7.830978441,2.201079214,8.682762752,150
GHA,16,30,10,100,200,0.1,FALSE,1.982525587,3.650641077,11.24274307,6.83017879,2.849940817,5.940883229,15
BRA,16,100,10,50,200,1,FALSE,1.982425213,1.279918518,9.460480469,6.030685981,2.523599272,6.539434652,150
BRA,4,100,10,50,200,0.5,FALSE,1.981417894,1.88848123,12.29588713,6.75551555,3.555156096,6.084026038,75
BRA,16,100,10,50,200,0.5,TRUE,1.97716713,1.428811839,8.940289682,4.759146008,2.77850665,4.222448577,75
GHA,2,100,10,50,500,0.5,TRUE,1.97538805,7.35433864,74.85074139,37.40259804,24.69663745,25.54700631,75
BRA,8,100,10,50,500,1,FALSE,1.972537994,1.226146681,57.5016219,24.3765455,19.71487877,15.9366611,150
BRA,16,30,10,50,200,1,FALSE,1.971862793,0.785737527,11.92467674,5.493962555,3.824079617,4.28919581,150
BRA,2,100,10,50,500,0.1,FALSE,1.97031188,1.147230214,68.38705172,32.66025239,24.45980742,33.42859286,15
GHA,8,100,10,50,200,1,FALSE,1.969198942,0.959472621,10.93816039,5.367971311,2.902322737,5.410674078,150
BRA,2,100,10,100,200,1,FALSE,1.954490423,3.132055536,11.78688211,7.571463191,2.84971588,7.309075056,150
BRA,2,30,10,100,500,1,FALSE,1.948907852,5.453487124,73.41092999,32.85267024,21.8941842,29.20035816,150
BRA,16,100,10,50,500,0.1,FALSE,1.940099478,0.959245666,71.64859773,27.65662107,26.11623839,19.5476285,15
GHA,4,30,10,50,500,1,TRUE,1.938459158,0.881834593,74.58148797,33.24466088,25.84356455,38.10746627,150
BRA,2,30,10,50,500,0.1,TRUE,1.935886621,2.363907225,68.67804467,30.9311045,25.39329678,30.69829005,15
GHA,16,30,10,50,200,0.5,TRUE,1.931498528,1.648990441,12.34242159,5.965965206,3.260428317,5.064032449,75
BRA,8,100,10,50,200,0.1,FALSE,1.929717064,0.888634537,10.88231374,5.083651803,3.334343664,4.465321755,15
BRA,2,100,10,100,500,0.1,TRUE,1.92935133,3.20650603,73.73768581,22.85815213,22.45756122,16.13174517,15
BRA,16,30,10,100,200,0.1,FALSE,1.926566601,4.130024577,12.12288974,7.824018429,2.807221112,7.050075542,15
BRA,8,100,10,50,200,0.5,TRUE,1.919637203,1.608230411,9.099853928,5.481748047,2.395308261,5.840351429,75
GHA,16,100,10,50,500,0.1,FALSE,1.915570259,6.664371273,70.1592557,34.07029057,19.63325536,38.86376905,15
GHA,8,30,10,100,200,0.5,FALSE,1.912933826,3.419894008,11.67577197,6.269515001,2.758963231,5.770402931,75
GHA,4,100,10,50,500,1,FALSE,1.903851271,4.062427471,75.05813797,31.77587538,21.41350952,30.74416787,150
GHA,16,100,10,100,200,1,FALSE,1.90016222,3.375030416,9.490675252,6.807451762,2.307441492,7.448602389,150
BRA,16,100,10,100,200,0.1,TRUE,1.898652792,3.130347404,12.22462551,7.671953514,3.290304168,7.547762324,15
GHA,2,100,10,50,500,1,FALSE,1.89811945,3.209432193,71.27545601,40.33365023,25.30088337,49.91235632,150
BRA,4,30,10,100,200,0.5,TRUE,1.896085501,3.579764855,11.94916491,7.423742009,3.144689168,7.4310592,75
GHA,8,30,10,100,200,0.1,TRUE,1.893123627,4.560303328,12.21397087,8.385455369,2.541348329,7.700876084,15
GHA,4,30,10,50,200,0.1,FALSE,1.883044958,0.817390877,10.00125317,3.204252736,2.76073572,1.940467996,15
BRA,16,100,10,100,200,0.5,TRUE,1.876141787,3.279561723,11.25585334,6.792799154,2.966736498,6.036332339,75
BRA,16,100,10,100,500,1,FALSE,1.862290144,8.610811683,63.4231773,26.12866888,16.65736739,20.52833405,150
GHA,2,30,10,100,200,0.5,FALSE,1.854984522,3.164155454,12.04533603,7.636994843,3.218163157,7.595869488,75
BRA,8,100,10,100,500,0.1,TRUE,1.85450983,5.447918531,70.12896868,38.32858947,22.26910957,43.76322184,15
BRA,4,100,10,50,200,0.1,TRUE,1.853508711,1.239229117,11.43416332,5.561103664,3.269421026,6.036387973,15
BRA,16,30,10,50,200,0.1,FALSE,1.852943182,1.3918472,11.45118513,5.567196442,3.434229662,5.056051965,15
GHA,8,30,10,100,500,0.1,TRUE,1.852897167,3.127227018,56.070046,27.67177636,17.03178959,29.28951915,15
BRA,8,30,10,50,200,1,FALSE,1.852226734,1.503073529,12.26634338,5.325234977,3.620557285,3.535438192,150
GHA,4,100,10,50,500,1,TRUE,1.852211237,4.062427471,75.05813797,31.77587538,21.41350952,30.74416787,150
BRA,16,100,10,50,200,0.1,FALSE,1.851241589,0.855097018,9.622907537,3.78829516,2.803780786,3.048511657,15
BRA,2,30,10,50,200,0.1,TRUE,1.850232601,1.275592316,11.8980495,5.362212437,3.92195554,3.666749734,15
GHA,2,100,10,100,200,1,TRUE,1.849922895,3.695036728,10.62638249,7.830978441,2.201079214,8.682762752,150
BRA,8,30,10,100,500,1,TRUE,1.84832859,5.020542306,61.75045558,36.93032611,21.18693404,37.00514995,150
GHA,8,30,10,50,200,0.5,TRUE,1.846959591,0.862249042,12.18982708,7.087343693,4.604173328,10.17760482,75
BRA,16,100,10,50,500,0.1,TRUE,1.844975948,0.959245666,71.64859773,27.65662107,26.11623839,19.5476285,15
BRA,16,100,10,100,500,0.1,TRUE,1.843340635,8.318676233,50.51733199,28.71619772,14.05786976,31.82197372,15
GHA,4,100,10,100,500,0.5,FALSE,1.840455055,4.055743901,74.49910975,32.21567956,24.165111,25.9621261,75
BRA,8,100,10,100,200,1,FALSE,1.83929038,3.427423222,12.37022783,8.682754596,2.544307681,8.681229192,150
BRA,2,30,10,50,500,0.1,FALSE,1.836841345,2.363907225,68.67804467,30.9311045,25.39329678,30.69829005,15
BRA,16,100,10,100,200,1,TRUE,1.836749077,3.252652768,12.30583352,6.721544473,2.838148209,6.46654706,150
BRA,16,100,10,50,200,0.1,TRUE,1.835279942,0.855097018,9.622907537,3.78829516,2.803780786,3.048511657,15
GHA,2,100,10,50,500,0.1,FALSE,1.829973221,0.930670468,55.99127725,23.99264081,16.23657453,22.11024843,15
GHA,16,30,10,50,500,0.5,FALSE,1.826010227,1.700279786,75.82290346,28.67741954,26.5237066,12.08245748,75
BRA,2,100,10,100,500,1,FALSE,1.82497406,5.787461957,75.58646484,35.72828693,23.3610996,29.75870552,150
GHA,16,100,10,50,500,1,FALSE,1.824126959,1.500309322,77.51932753,37.13077471,26.48982159,32.10931984,150
GHA,2,30,10,50,500,1,FALSE,1.822230816,4.25253246,62.96640086,29.5682956,19.86055973,25.29981255,150
BRA,2,30,10,100,200,1,FALSE,1.813569069,4.841951246,11.32480528,7.863882972,2.02873774,7.359316984,150
BRA,16,100,10,50,500,0.5,TRUE,1.813530684,2.330777318,75.91912665,22.92175978,24.19131688,10.734053,75
GHA,2,30,10,50,200,1,TRUE,1.813340664,0.944595983,10.19078072,4.29987606,3.13630006,3.038567019,150
GHA,4,30,10,50,200,0.5,FALSE,1.813122988,1.233337098,11.8080601,4.843583045,2.916419816,3.931383104,75
GHA,2,100,10,50,500,0.5,FALSE,1.802278996,7.35433864,74.85074139,37.40259804,24.69663745,25.54700631,75
BRA,4,30,10,100,200,0.1,FALSE,1.801926374,3.307669653,11.65883166,7.545304193,3.074773185,7.926695459,15
BRA,8,30,10,100,500,0.1,TRUE,1.800497532,6.798667018,64.77241872,35.01603767,21.20836532,32.90171904,15
GHA,16,30,10,100,200,1,FALSE,1.7988379,3.302847598,11.27016179,6.566566866,2.201732147,6.63343077,150
BRA,4,100,10,100,200,0.1,TRUE,1.797558784,4.171681102,10.35671466,6.842095826,1.796218719,6.571748868,15
BRA,16,30,10,100,500,0.5,TRUE,1.796622515,9.417541916,70.89907111,37.48252591,23.36856903,33.43907668,75
GHA,2,30,10,50,200,0.5,TRUE,1.795860052,1.276016762,11.78501808,5.568260851,3.427236794,5.333716049,75
BRA,8,30,10,100,200,0.5,TRUE,1.77804637,3.637755194,11.18689016,6.844187835,2.703067051,7.430747671,75
BRA,4,100,10,100,500,0.5,FALSE,1.767573595,5.213220087,44.22685822,20.72461528,14.12981443,18.06630668,75
GHA,4,100,10,50,500,0.1,TRUE,1.766728163,7.092509727,75.24745562,25.8374865,19.67023642,20.47318344,15
BRA,4,30,10,100,500,0.1,TRUE,1.763522863,7.431168964,72.4196088,30.45731936,22.44615029,15.95039748,15
BRA,2,100,10,50,500,1,FALSE,1.762390852,5.150269976,71.900265,38.43089933,22.90971699,33.47297426,150
BRA,4,100,10,100,200,1,TRUE,1.749827623,3.447129321,12.29680321,8.499422817,3.305527838,9.348728231,150
BRA,8,100,10,50,200,1,FALSE,1.748378277,0.827220317,11.51168759,5.932098901,3.723015492,6.318890716,150
BRA,8,100,10,50,200,0.5,FALSE,1.746713161,1.608230411,9.099853928,5.481748047,2.395308261,5.840351429,75
BRA,8,30,10,50,200,0.1,FALSE,1.746268034,3.121187333,11.59496267,7.274079763,2.654442805,6.999715869,15
BRA,4,30,10,50,200,0.5,TRUE,1.742305994,0.819803887,10.58680511,4.31171405,3.424176255,2.968909725,75
BRA,2,30,10,100,500,0.5,TRUE,1.740497589,3.47470738,65.1252709,24.83968647,24.41541704,8.981023891,75
BRA,4,30,10,50,500,0.5,TRUE,1.723025799,0.999271907,71.09028642,18.58848172,19.98515041,13.58451032,75
GHA,16,30,10,100,500,1,FALSE,1.716280222,16.50418876,73.04277447,44.51672366,20.53997935,43.75360389,150
GHA,4,30,10,50,200,0.5,TRUE,1.711095095,1.233337098,11.8080601,4.843583045,2.916419816,3.931383104,75
BRA,4,30,10,50,200,0.1,FALSE,1.701342106,0.804049784,12.25563445,4.983310356,3.782376942,3.129503423,15
GHA,8,100,10,100,200,1,FALSE,1.698277235,3.50438253,11.39808311,7.902702611,2.591003851,8.919391418,150
BRA,8,30,10,50,200,0.5,TRUE,1.695854902,1.024206573,9.007005517,4.500412042,2.613225845,3.93081137,75
BRA,4,100,10,50,500,0.5,TRUE,1.691051722,2.374021392,76.28997647,31.24039509,23.24868604,28.49616654,75
BRA,8,100,10,100,200,0.5,FALSE,1.686904669,3.273031423,10.45989116,6.866207331,2.148357523,6.528236446,75
GHA,2,30,10,50,200,0.1,TRUE,1.683540106,1.025461904,8.535595198,4.90558419,2.476766528,5.817055508,15
GHA,4,100,10,100,200,1,TRUE,1.679983616,4.061733522,11.76277023,8.308083518,2.671631554,8.401687735,150
GHA,2,100,10,100,500,0.1,TRUE,1.679152727,3.271735834,75.54682489,31.78984799,24.04559491,24.82576566,15
BRA,8,30,10,50,500,1,FALSE,1.671274424,4.763347573,76.7831512,37.48863523,23.14892685,35.62409944,150
BRA,8,30,10,50,500,0.1,FALSE,1.668004274,0.832178995,74.34058683,32.5977896,24.68348227,32.69227995,15
BRA,4,100,10,50,500,1,FALSE,1.64430213,2.967594651,72.31088292,33.85530116,23.34651306,33.29441183,150
GHA,16,100,10,100,200,0.5,FALSE,1.644123077,3.286473605,8.660570132,5.527522958,1.938677738,4.549041625,75
GHA,4,100,10,100,200,0.1,TRUE,1.643909931,4.480355691,11.47169926,6.865572239,2.146666523,6.375795596,15
GHA,8,30,10,50,500,0.1,TRUE,1.639874458,1.635379802,75.92013666,36.34504194,26.64589374,30.91858029,15
BRA,8,30,10,50,500,0.5,FALSE,1.639570236,1.129919997,75.55900649,18.3027223,23.07461238,7.289433026,75
BRA,2,30,10,50,200,0.5,FALSE,1.635583162,1.667739426,11.03619471,5.224962957,3.175306169,4.126130703,75
BRA,16,30,10,50,500,1,TRUE,1.633693695,2.287297075,69.22076185,29.91285346,19.51679825,29.16864124,150
BRA,8,30,10,50,200,1,TRUE,1.625414848,1.503073529,12.26634338,5.325234977,3.620557285,3.535438192,150
GHA,4,100,10,50,200,0.5,TRUE,1.624194145,1.477248329,6.914039645,3.860905205,1.80423196,3.455331279,75
BRA,16,100,10,100,500,0.1,FALSE,1.623439312,8.318676233,50.51733199,28.71619772,14.05786976,31.82197372,15
BRA,4,100,10,100,200,0.5,FALSE,1.619363308,4.09809961,12.26776694,6.747718854,2.368491498,6.030445833,75
GHA,2,30,10,100,200,0.1,FALSE,1.616664171,4.402319187,11.63927108,7.158771071,2.035282131,7.027697942,15
GHA,2,100,10,50,200,1,FALSE,1.607498646,0.986410959,9.323638165,4.584842556,2.952581382,3.364146082,150
GHA,2,100,10,100,500,1,FALSE,1.605967999,6.026355574,43.44864389,19.16967965,10.5005625,18.52085515,150
GHA,2,30,10,100,500,0.5,FALSE,1.597903967,5.014638273,75.67447548,34.22269003,23.14578292,35.32148578,75
GHA,4,100,10,100,200,0.5,TRUE,1.596760988,3.399449692,12.19148201,6.998749913,2.71323316,6.623157024,75
BRA,4,30,10,100,200,1,TRUE,1.596663713,3.926081508,10.88442653,7.494963341,2.066711403,7.742972624,150
GHA,4,30,10,50,500,0.1,TRUE,1.583355427,1.270790769,74.9374979,28.67446763,23.72066137,26.37538001,15
GHA,8,100,10,50,200,0.5,TRUE,1.572906733,1.775278843,10.66394831,4.391095465,2.511067976,4.043238067,75
GHA,16,30,10,50,500,1,FALSE,1.565072536,1.368365993,66.79318543,19.33038741,22.83587692,4.733858219,150
GHA,4,30,10,50,500,0.5,TRUE,1.564092875,2.082421349,49.96163958,17.43503462,13.35130222,15.81958026,75
BRA,4,100,10,50,500,0.1,FALSE,1.563835859,1.107462805,63.30739842,16.73418793,18.44001862,11.17303558,15
GHA,8,100,10,100,200,0.5,FALSE,1.548671007,4.104105054,12.17738822,8.107187213,3.077527304,8.129884049,75
GHA,4,100,10,50,200,1,FALSE,1.543385029,0.858237901,11.09535592,4.496479926,3.282500001,3.829905175,150
BRA,8,30,10,100,200,1,TRUE,1.537253141,6.016569395,11.91132465,8.698209215,2.028628851,7.835522707,150
GHA,8,100,10,100,200,0.1,FALSE,1.533046007,5.991338286,9.554553704,7.443380861,1.012480495,7.440767099,15
GHA,8,100,10,50,500,0.1,TRUE,1.529497623,1.374160561,70.87096192,30.25615983,25.48023221,25.43777452,15
GHA,2,100,10,50,200,0.1,FALSE,1.52417469,0.835409744,7.074341202,3.888142533,1.990373572,4.419365475,15
GHA,8,100,10,50,200,1,TRUE,1.520145416,0.959472621,10.93816039,5.367971311,2.902322737,5.410674078,150
GHA,16,100,10,50,200,0.1,FALSE,1.517366171,0.928250342,11.76365552,4.660659766,3.617711437,3.900532407,15
GHA,8,100,10,100,500,1,TRUE,1.501736164,6.446374759,66.3641283,32.27115674,20.16488885,27.06239123,150
BRA,8,30,10,100,200,0.5,FALSE,1.50033474,3.637755194,11.18689016,6.844187835,2.703067051,7.430747671,75
GHA,16,30,10,100,200,0.5,FALSE,1.492322683,5.142985053,12.17515047,8.950567454,2.470744264,9.796516815,75
GHA,4,100,10,100,500,1,FALSE,1.490767241,8.471668123,70.71690211,41.46718746,22.31831807,44.61491509,150
GHA,4,100,10,100,500,0.5,TRUE,1.484650612,4.055743901,74.49910975,32.21567956,24.165111,25.9621261,75
BRA,16,30,10,100,200,0.1,TRUE,1.482488632,4.130024577,12.12288974,7.824018429,2.807221112,7.050075542,15
BRA,16,30,10,100,200,1,TRUE,1.481863022,3.175473764,12.21453101,7.975904863,3.100956655,9.051720254,150
BRA,4,100,10,100,500,0.1,TRUE,1.477817059,6.853246049,63.0514954,30.27399313,16.56959293,27.51297058,15
GHA,8,30,10,50,500,0.1,FALSE,1.474729776,1.635379802,75.92013666,36.34504194,26.64589374,30.91858029,15
BRA,8,30,10,100,500,1,FALSE,1.474462032,5.020542306,61.75045558,36.93032611,21.18693404,37.00514995,150
GHA,2,30,10,50,500,0.1,FALSE,1.474396706,8.37813887,54.82398899,29.91142569,12.35683925,28.16085087,15
BRA,16,30,10,50,500,0.5,FALSE,1.468495846,3.362063193,75.17583966,28.65815203,25.25564311,15.67636334,75
GHA,16,30,10,50,500,0.1,FALSE,1.466430426,0.784199975,59.14054909,23.40716868,17.08232845,21.67787222,15
GHA,2,100,10,100,500,0.5,TRUE,1.46228528,15.39613442,54.8008763,28.90364812,14.08403507,22.87741958,75
GHA,8,100,10,50,500,1,TRUE,1.459500313,4.737349344,77.19350842,42.8745168,24.13825768,41.23459548,150
GHA,2,100,10,100,500,0.5,FALSE,1.457028151,15.39613442,54.8008763,28.90364812,14.08403507,22.87741958,75
GHA,2,30,10,50,200,0.5,FALSE,1.454832554,1.276016762,11.78501808,5.568260851,3.427236794,5.333716049,75
GHA,16,30,10,50,200,1,FALSE,1.452916145,0.82752735,9.945556595,5.335135266,2.813021747,5.983478233,150
GHA,2,30,10,50,200,1,FALSE,1.452405214,0.944595983,10.19078072,4.29987606,3.13630006,3.038567019,150
BRA,8,30,10,100,200,0.1,TRUE,1.44782424,4.248765982,11.62920662,7.803371287,2.601769776,7.43166056,15
GHA,4,30,10,100,500,1,FALSE,1.447544575,13.04910407,53.13887551,32.53652133,11.85752159,32.7366404,150
GHA,4,30,10,50,200,1,FALSE,1.439146996,1.299767462,10.61422941,5.593811952,3.012429865,4.667513392,150
GHA,2,30,10,50,500,1,TRUE,1.428456068,4.25253246,62.96640086,29.5682956,19.86055973,25.29981255,150
GHA,4,100,10,50,500,0.5,TRUE,1.423550367,8.825192971,49.14747921,22.68936929,14.814331,13.47377808,75
GHA,4,100,10,100,500,1,TRUE,1.423361063,8.471668123,70.71690211,41.46718746,22.31831807,44.61491509,150
BRA,8,30,10,50,200,0.1,TRUE,1.423154593,3.121187333,11.59496267,7.274079763,2.654442805,6.999715869,15
GHA,2,100,10,50,500,0.1,TRUE,1.41767478,0.930670468,55.99127725,23.99264081,16.23657453,22.11024843,15
GHA,16,100,10,50,200,0.1,TRUE,1.417491913,0.928250342,11.76365552,4.660659766,3.617711437,3.900532407,15
GHA,2,30,10,100,200,0.1,TRUE,1.41697216,4.402319187,11.63927108,7.158771071,2.035282131,7.027697942,15
GHA,2,100,10,100,200,0.5,FALSE,1.416584253,3.549838273,11.10878957,6.824158784,2.35299716,6.619085217,75
GHA,4,30,10,100,500,0.1,FALSE,1.415268898,3.956343373,65.39972508,35.93190415,20.31725205,40.60162815,15
GHA,16,30,10,100,500,0.1,FALSE,1.413228512,4.39206507,60.95349266,30.91117212,22.53779546,34.55704756,15
GHA,4,30,10,100,200,0.5,FALSE,1.407554388,3.499582673,9.895311219,6.416121854,2.059024118,6.162378953,75
GHA,16,30,10,100,200,1,TRUE,1.406527519,3.302847598,11.27016179,6.566566866,2.201732147,6.63343077,150
GHA,16,100,10,100,500,1,FALSE,1.401231527,4.974618361,68.40378472,23.28816547,19.05163996,15.82115975,150
GHA,16,30,10,100,500,0.5,TRUE,1.400942802,4.986855156,75.28328764,28.8135593,23.07859011,18.920676,75
GHA,2,30,10,50,200,0.1,FALSE,1.387208223,1.025461904,8.535595198,4.90558419,2.476766528,5.817055508,15
GHA,16,30,10,100,200,0.1,TRUE,1.385476828,3.650641077,11.24274307,6.83017879,2.849940817,5.940883229,15
GHA,8,100,10,100,500,0.1,TRUE,1.384838104,7.414561596,74.24032701,36.67804656,21.16938495,38.20715499,15
GHA,4,30,10,100,200,1,TRUE,1.382724047,3.453453442,11.79930664,6.126227951,2.387667295,5.510756581,150
BRA,2,100,10,50,500,0.5,FALSE,1.380852938,1.905549637,76.01212546,38.16489793,28.18985831,49.27486608,75
GHA,16,100,10,100,500,0.1,TRUE,1.37980032,3.889635124,74.23911918,32.95529201,24.44238387,31.04590072,15
GHA,2,30,10,100,200,1,FALSE,1.378172874,4.050681893,11.01839939,8.265881637,2.203655453,8.680950489,150
GHA,4,30,10,50,500,0.5,FALSE,1.375807285,2.082421349,49.96163958,17.43503462,13.35130222,15.81958026,75
GHA,8,30,10,50,200,0.5,FALSE,1.375580788,0.862249042,12.18982708,7.087343693,4.604173328,10.17760482,75
GHA,8,100,10,50,200,0.1,FALSE,1.369502544,1.050133978,10.41817828,5.6622173,3.065214108,5.387139951,15
GHA,16,100,10,50,200,1,FALSE,1.366168976,1.799490514,9.685329858,4.664019588,2.567543187,4.012919572,150
GHA,8,30,10,50,500,0.5,TRUE,1.36214447,1.711760762,74.02443004,52.07167375,23.88192086,64.1585377,75
GHA,4,100,10,100,200,1,FALSE,1.356970787,4.061733522,11.76277023,8.308083518,2.671631554,8.401687735,150
GHA,8,30,10,50,200,1,FALSE,1.353599072,1.798184926,11.87512555,5.156525991,3.566605061,3.330883174,150
GHA,4,30,10,100,200,1,FALSE,1.352282763,3.453453442,11.79930664,6.126227951,2.387667295,5.510756581,150
GHA,2,100,10,100,200,0.1,TRUE,1.351060629,4.358910736,9.941012387,7.370851422,2.13141842,8.047802624,15
GHA,4,100,10,50,200,0.1,FALSE,1.350830793,2.074813421,11.69573304,6.074670151,4.063034377,3.569419095,15
GHA,16,100,10,100,200,0.1,FALSE,1.348474264,4.203051344,11.39643441,7.794153051,2.538455928,7.661769775,15
BRA,16,100,10,100,500,0.5,FALSE,1.342769623,9.22556998,73.24920391,28.36977888,18.19723021,27.02653859,75
GHA,8,100,10,100,500,0.5,TRUE,1.342442274,3.933447381,57.68579416,24.89088968,18.02742546,18.82145781,75
GHA,8,30,10,100,200,1,FALSE,1.340816498,3.385691167,11.32862778,7.501007688,2.99145164,7.129638145,150
GHA,4,30,10,100,500,1,TRUE,1.336407423,13.04910407,53.13887551,32.53652133,11.85752159,32.7366404,150
GHA,4,100,10,100,500,0.1,TRUE,1.335216999,3.818190133,63.66314997,31.11777749,18.67305834,32.0472346,15
GHA,8,30,10,100,200,1,TRUE,1.335161924,3.385691167,11.32862778,7.501007688,2.99145164,7.129638145,150
GHA,2,100,10,50,200,0.1,TRUE,1.3329072,0.835409744,7.074341202,3.888142533,1.990373572,4.419365475,15
GHA,4,100,10,100,500,0.1,FALSE,1.331472635,3.818190133,63.66314997,31.11777749,18.67305834,32.0472346,15
GHA,4,30,10,50,500,0.1,FALSE,1.330014467,1.270790769,74.9374979,28.67446763,23.72066137,26.37538001,15
GHA,4,100,10,100,200,0.5,FALSE,1.327870846,3.399449692,12.19148201,6.998749913,2.71323316,6.623157024,75
GHA,4,100,10,50,200,1,TRUE,1.327113867,0.858237901,11.09535592,4.496479926,3.282500001,3.829905175,150
GHA,8,100,10,50,200,0.1,TRUE,1.321329355,1.050133978,10.41817828,5.6622173,3.065214108,5.387139951,15
BRA,4,30,10,100,200,0.5,FALSE,1.320703983,3.579764855,11.94916491,7.423742009,3.144689168,7.4310592,75
GHA,2,100,10,50,200,0.5,FALSE,1.319387197,1.528134169,7.591423724,3.468887701,1.712771512,2.924737624,75
GHA,4,30,10,100,200,0.1,TRUE,1.318182945,3.46822708,11.90127758,7.383472426,2.510230809,7.560681397,15
BRA,2,100,10,50,200,0.1,FALSE,1.312962055,1.145718308,10.84516879,5.539833963,3.317858013,4.753537921,15
GHA,8,30,10,50,200,0.1,TRUE,1.309221506,0.982548438,10.92935065,5.624629296,3.534649154,5.014487783,15
GHA,4,30,10,50,200,0.1,TRUE,1.303403616,0.817390877,10.00125317,3.204252736,2.76073572,1.940467996,15
GHA,8,30,10,50,500,0.5,FALSE,1.303057432,1.711760762,74.02443004,52.07167375,23.88192086,64.1585377,75
BRA,4,100,10,50,200,0.1,FALSE,1.299998283,1.239229117,11.43416332,5.561103664,3.269421026,6.036387973,15
GHA,16,30,10,50,200,0.5,FALSE,1.297376633,1.648990441,12.34242159,5.965965206,3.260428317,5.064032449,75
GHA,2,30,10,100,500,1,FALSE,1.295756578,3.61053464,66.190378,29.15230062,19.96504216,23.76414585,150
GHA,4,30,10,50,500,1,FALSE,1.289707661,0.881834593,74.58148797,33.24466088,25.84356455,38.10746627,150
GHA,8,30,10,100,500,0.1,FALSE,1.289484501,3.127227018,56.070046,27.67177636,17.03178959,29.28951915,15
GHA,8,100,10,100,200,0.5,TRUE,1.288316488,4.104105054,12.17738822,8.107187213,3.077527304,8.129884049,75
GHA,8,30,10,50,200,1,TRUE,1.286599874,1.798184926,11.87512555,5.156525991,3.566605061,3.330883174,150
GHA,8,30,10,100,500,1,FALSE,1.28643012,3.505819077,59.149741,32.05337009,18.77332502,34.39553737,150
GHA,2,30,10,100,500,0.1,TRUE,1.283911705,8.977725949,75.51360928,39.93387172,26.65047889,39.54809868,15
GHA,16,30,10,50,500,0.1,TRUE,1.283673286,0.784199975,59.14054909,23.40716868,17.08232845,21.67787222,15
GHA,16,100,10,50,200,0.5,FALSE,1.282790661,1.580165822,11.79798551,7.143626515,3.649948553,8.242766686,75
GHA,8,30,10,100,200,0.5,TRUE,1.274448156,3.419894008,11.67577197,6.269515001,2.758963231,5.770402931,75
GHA,2,30,10,100,500,0.1,FALSE,1.272959471,8.977725949,75.51360928,39.93387172,26.65047889,39.54809868,15
GHA,16,100,10,100,200,0.1,TRUE,1.267167091,4.203051344,11.39643441,7.794153051,2.538455928,7.661769775,15
GHA,16,100,10,100,500,0.1,FALSE,1.26238966,3.889635124,74.23911918,32.95529201,24.44238387,31.04590072,15
GHA,16,30,10,50,200,1,TRUE,1.260849953,0.82752735,9.945556595,5.335135266,2.813021747,5.983478233,150
GHA,4,100,10,50,500,0.5,FALSE,1.259424925,8.825192971,49.14747921,22.68936929,14.814331,13.47377808,75
GHA,4,30,10,100,500,0.5,TRUE,1.255544186,15.49376969,74.63982096,39.531621,18.48993206,33.6749959,75
GHA,2,100,10,50,200,1,TRUE,1.251443386,0.986410959,9.323638165,4.584842556,2.952581382,3.364146082,150
GHA,4,30,10,50,200,1,TRUE,1.250432253,1.299767462,10.61422941,5.593811952,3.012429865,4.667513392,150
GHA,4,30,10,100,500,0.5,FALSE,1.245998859,15.49376969,74.63982096,39.531621,18.48993206,33.6749959,75
GHA,4,100,10,50,200,0.1,TRUE,1.245680332,2.074813421,11.69573304,6.074670151,4.063034377,3.569419095,15
GHA,4,100,10,50,200,0.5,FALSE,1.236840725,1.477248329,6.914039645,3.860905205,1.80423196,3.455331279,75
GHA,8,100,10,100,500,0.1,FALSE,1.228579044,7.414561596,74.24032701,36.67804656,21.16938495,38.20715499,15
GHA,8,30,10,100,500,0.5,TRUE,1.215765476,4.852098746,71.69209874,45.20911252,16.49697845,43.35820666,75
GHA,2,30,10,50,500,0.5,FALSE,1.198824644,1.29630659,57.48136045,28.01993663,20.45408953,30.67313738,75
GHA,8,30,10,50,500,1,FALSE,1.198638678,0.887911347,58.70639288,27.37512094,16.88674549,28.94264599,150
GHA,4,30,10,100,500,0.1,TRUE,1.193203926,3.956343373,65.39972508,35.93190415,20.31725205,40.60162815,15
GHA,8,30,10,100,200,0.1,FALSE,1.191360235,4.560303328,12.21397087,8.385455369,2.541348329,7.700876084,15
GHA,8,100,10,50,500,0.1,FALSE,1.189658165,1.374160561,70.87096192,30.25615983,25.48023221,25.43777452,15
GHA,8,30,10,50,200,0.1,FALSE,1.176784754,0.982548438,10.92935065,5.624629296,3.534649154,5.014487783,15
GHA,8,100,10,100,200,0.1,TRUE,1.173390388,5.991338286,9.554553704,7.443380861,1.012480495,7.440767099,15
GHA,2,100,10,50,500,1,TRUE,1.163232327,3.209432193,71.27545601,40.33365023,25.30088337,49.91235632,150
GHA,16,30,10,50,200,0.1,FALSE,1.152270794,0.79720095,10.6751032,4.76579073,2.913247704,3.659162103,15
GHA,2,100,10,100,500,0.1,FALSE,1.143714428,3.271735834,75.54682489,31.78984799,24.04559491,24.82576566,15
GHA,4,30,10,100,200,0.5,TRUE,1.142867565,3.499582673,9.895311219,6.416121854,2.059024118,6.162378953,75
GHA,2,100,10,100,500,1,TRUE,1.121188164,6.026355574,43.44864389,19.16967965,10.5005625,18.52085515,150
GHA,4,100,10,50,500,0.1,FALSE,1.118115664,7.092509727,75.24745562,25.8374865,19.67023642,20.47318344,15
GHA,16,30,10,100,500,0.1,TRUE,1.100583076,4.39206507,60.95349266,30.91117212,22.53779546,34.55704756,15
GHA,4,30,10,100,200,0.1,FALSE,1.072376251,3.46822708,11.90127758,7.383472426,2.510230809,7.560681397,15
