,Unnamed: 0,Plot_id,Geo_id,Plot_area_ha,Geometry_type,Country,Admin_Level_1,Centroid_lon,Centroid_lat,Unit,water_flag,EUFO_2020,GLAD_Primary,TMF_undist,JAXA_FNF_2020,GFC_TC_2020,ESA_TC_2020,TMF_plant,Oil_palm_Descals,Oil_palm_FDaP,Cocoa_ETH,Cocoa_bnetd,Rubber_RBGE,WDPA,TMF_def_2000,TMF_def_2001,TMF_def_2002,TMF_def_2003,TMF_def_2004,TMF_def_2005,TMF_def_2006,TMF_def_2007,TMF_def_2008,TMF_def_2009,TMF_def_2010,TMF_def_2011,TMF_def_2012,TMF_def_2013,TMF_def_2014,TMF_def_2015,TMF_def_2016,TMF_def_2017,TMF_def_2018,TMF_def_2019,TMF_def_2020,TMF_def_2021,TMF_def_2022,TMF_deg_2000,TMF_deg_2001,TMF_deg_2002,TMF_deg_2003,TMF_deg_2004,TMF_deg_2005,TMF_deg_2006,TMF_deg_2007,TMF_deg_2008,TMF_deg_2009,TMF_deg_2010,TMF_deg_2011,TMF_deg_2012,TMF_deg_2013,TMF_deg_2014,TMF_deg_2015,TMF_deg_2016,TMF_deg_2017,TMF_deg_2018,TMF_deg_2019,TMF_deg_2020,TMF_deg_2021,TMF_deg_2022,GFC_loss_year_2001,GFC_loss_year_2002,GFC_loss_year_2003,GFC_loss_year_2004,GFC_loss_year_2005,GFC_loss_year_2006,GFC_loss_year_2007,GFC_loss_year_2008,GFC_loss_year_2009,GFC_loss_year_2010,GFC_loss_year_2011,GFC_loss_year_2012,GFC_loss_year_2013,GFC_loss_year_2014,GFC_loss_year_2015,GFC_loss_year_2016,GFC_loss_year_2017,GFC_loss_year_2018,GFC_loss_year_2019,GFC_loss_year_2020,GFC_loss_year_2021,GFC_loss_year_2022,GFC_loss_year_2023,RADD_year_2019,RADD_year_2020,RADD_year_2021,RADD_year_2022,RADD_year_2023,RADD_year_2024,ESA_fire_2001,ESA_fire_2002,ESA_fire_2003,ESA_fire_2004,ESA_fire_2005,ESA_fire_2006,ESA_fire_2007,ESA_fire_2008,ESA_fire_2009,ESA_fire_2010,ESA_fire_2011,ESA_fire_2012,ESA_fire_2013,ESA_fire_2014,ESA_fire_2015,ESA_fire_2016,ESA_fire_2017,ESA_fire_2018,ESA_fire_2019,ESA_fire_2020,MODIS_fire_2001,MODIS_fire_2002,MODIS_fire_2003,MODIS_fire_2004,MODIS_fire_2005,MODIS_fire_2006,MODIS_fire_2007,MODIS_fire_2008,MODIS_fire_2009,MODIS_fire_2010,MODIS_fire_2011,MODIS_fire_2012,MODIS_fire_2013,MODIS_fire_2014,MODIS_fire_2015,MODIS_fire_2016,MODIS_fire_2017,MODIS_fire_2018,MODIS_fire_2019,MODIS_fire_2020,MODIS_fire_2021,MODIS_fire_2022,MODIS_fire_2023,MODIS_fire_2024,TMF_deg_before_2020,TMF_def_before_2020,GFC_loss_before_2020,ESA_fire_before_2020,MODIS_fire_before_2020,RADD_before_2020,TMF_deg_after_2020,TMF_def_after_2020,GFC_loss_after_2020,MODIS_fire_after_2020,RADD_after_2020,Indicator_1_treecover,Indicator_2_commodities,Indicator_3_disturbance_before_2020,Indicator_4_disturbance_after_2020,EUDR_risk
0,0,,,1.939,Polygon,GHA,Ashanti Region,-1.6119419952259373,6.159539574278987,ha,-,0.363,0.0,0.0,1.939,0.387,1.939,0.0,,0.048,0.0,0.0,0.0,False,0.0,0.101,0.0,0.0,0.0,0.0,0.0,0.0,0.0,0.0,0.0,0.0,0.004,0.04,0.212,0.065,0.0,0.089,0.0,0.0,0.0,0.0,0.0,0.0,0.615,0.0,0.0,0.0,0.0,0.0,0.022,0.0,0.0,0.0,0.0,0.0,0.0,0.0,0.0,0.0,0.0,0.0,0.0,0.0,0.0,0.0,0.0,0.062,0.0,0.0,0.0,0.0,0.0,0.0,0.0,0.0,0.0,0.0,0.0,0.363,0.0,0.951,0.177,0.0,0.0,0.0,0.0,0.0,0.0,0.0,0.0,0.0,0.0,0.0,0.0,0.0,0.0,0.0,0.0,0.0,0.0,0.0,0.0,0.0,0.0,0.0,0.0,0.0,0.0,0.0,0.0,0.0,0.0,0.0,0.0,0.0,0.0,0.0,0.0,0.0,0.0,0.0,0.0,0.0,0.0,0.0,0.0,0.0,0.0,0.0,0.0,0.0,0.0,0.0,0.0,0.0,0.0,0.0,0.0,0.637,0.511,1.552,0.0,0.0,0.0,0.0,0.0,0.0,0.0,0.0,yes,no,yes,no,low
1,1,,,4.152,Polygon,GHA,Ashanti Region,-1.6447324753175234,6.104735332799037,ha,-,0.785,0.0,0.0,4.129,1.428,3.846,0.0,,0.007,0.01,0.0,0.0,False,0.1,0.051,0.521,0.639,0.0,0.024,0.0,0.027,0.0,0.0,0.0,0.0,0.0,0.0,0.062,0.0,0.0,0.284,0.146,0.089,0.937,0.0,0.089,0.146,0.445,0.094,0.608,0.0,0.082,0.0,0.597,0.0,0.0,0.0,0.0,0.0,0.0,0.0,0.0,0.0,0.0,0.0,0.0,0.0,0.0,0.0,1.149,0.0,0.0,0.0,0.0,0.0,0.0,0.0,0.0,0.0,0.0,0.0,0.0,0.0,0.0,0.015,0.0,0.356,0.089,1.114,0.297,0.112,0.334,0.0,0.0,0.0,0.0,0.0,0.0,0.0,0.0,0.0,0.0,0.0,0.0,0.0,0.0,0.0,0.0,0.0,0.0,0.0,0.0,0.0,0.0,0.0,0.0,0.0,0.0,0.0,0.0,0.0,0.0,0.0,0.0,0.0,0.0,0.0,0.0,0.0,0.0,0.0,0.0,0.0,0.0,0.0,0.0,0.0,0.0,0.0,0.0,0.0,0.0,1.971,2.88,2.724,0.0,0.0,0.0,0.0,0.089,0.743,0.0,0.0,yes,no,yes,yes,low
2,2,,,16.6,Polygon,GHA,Western Region,-2.15714356016328,5.981148900637887,ha,-,16.6,14.491,15.862,16.6,16.6,16.6,0.0,,0.01,0.0,0.0,0.0,True,0.0,0.0,0.0,0.0,0.0,0.0,0.0,0.0,0.0,0.0,0.0,0.0,0.0,0.0,0.0,0.0,0.0,0.0,0.0,0.0,0.0,0.0,0.0,0.0,0.0,0.0,0.0,0.0,0.0,0.0,0.0,0.0,0.0,0.0,0.0,0.07,0.0,0.0,0.0,0.178,0.089,0.0,0.0,0.401,0.0,0.0,0.0,0.0,0.0,0.0,0.0,0.0,0.0,0.0,0.0,0.0,0.0,0.0,0.0,0.0,0.0,0.0,0.0,0.0,0.0,0.0,0.0,0.0,0.0,0.0,1.11,0.491,0.069,0.11,0.393,0.0,0.0,0.0,0.0,0.0,0.0,0.0,0.0,0.0,0.0,0.0,0.0,0.0,0.0,0.0,0.0,0.0,0.0,0.0,0.0,0.0,0.0,0.0,0.0,0.0,0.0,0.0,0.0,0.0,0.0,0.0,0.0,0.0,0.0,0.0,0.0,0.0,0.0,0.0,0.0,0.0,0.0,0.0,0.0,0.738,0.0,0.0,0.0,0.0,1.11,0.089,0.0,0.0,0.0,1.063,yes,no,yes,yes,low
3,3,,,31.213,Polygon,IDN,South Sumatra,103.95609577079756,-3.054667618923866,ha,-,0.0,0.0,0.0,1.719,0.176,29.09,31.213,,9.592,0.0,0.0,0.0,False,0.179,2.321,0.0,0.0,0.0,0.0,19.718,0.0,0.0,0.0,0.0,0.0,0.0,0.0,0.0,0.0,0.0,0.0,0.0,0.0,0.0,0.0,0.0,0.0,0.0,0.0,0.0,0.0,0.0,0.0,0.0,0.0,0.0,0.0,0.0,0.0,0.0,0.0,0.0,0.0,0.0,0.0,0.0,0.0,0.0,0.0,0.0,0.0,0.0,0.0,0.0,28.443,0.271,0.0,0.0,0.0,0.0,2.308,0.0,0.0,0.0,0.0,0.0,0.0,0.0,0.0,0.0,0.0,0.0,0.0,0.0,0.0,0.0,0.0,0.0,0.0,0.0,0.0,0.0,0.0,0.0,0.0,0.0,0.0,0.0,0.0,31.213,0.0,0.0,0.0,0.0,0.0,0.0,0.0,0.0,0.0,0.0,0.0,0.0,0.0,6.403,0.0,0.0,0.0,0.0,0.0,0.0,0.0,0.0,0.0,0.0,0.0,0.0,0.0,0.0,0.0,0.0,0.0,0.0,0.0,22.218,31.022,31.213,6.403,0.0,0.0,0.0,0.0,0.0,0.0,yes,yes,yes,no,low
4,4,,,1.964,Polygon,IDN,South Sumatra,103.97037141003976,-3.068830703596252,ha,-,0.0,0.0,0.0,1.69,0.014,1.944,0.0,,0.0,0.0,0.0,0.0,False,0.112,0.0,0.0,0.0,0.0,0.0,0.003,0.0,0.082,0.0,0.0,0.0,0.0,0.0,0.0,1.757,0.0,0.0,0.0,0.0,0.0,0.0,0.0,0.264,0.055,0.0,0.0,0.0,0.0,0.202,0.0,0.0,0.0,0.0,0.0,0.0,0.0,0.0,0.0,0.0,0.0,0.0,0.0,0.0,0.0,0.0,0.0,0.0,0.0,0.0,0.0,0.0,0.021,0.016,0.0,0.0,0.0,0.0,0.0,0.0,1.3,0.613,0.0,0.0,0.0,0.0,0.0,0.0,0.0,0.0,0.0,0.0,0.0,0.0,0.0,0.0,0.0,0.0,0.0,0.0,0.0,0.0,0.0,0.0,0.0,0.0,0.0,0.0,0.0,0.0,0.0,0.0,0.0,0.0,0.0,0.0,0.0,0.0,0.0,0.0,0.0,0.0,0.0,0.0,0.0,0.0,0.0,0.0,0.0,0.0,0.0,0.0,0.0,0.0,0.0,0.0,0.0,0.0,0.0,0.52,1.954,1.95,0.0,0.0,0.0,0.0,0.0,0.0,0.0,0.0,yes,no,yes,no,low
5,5,,,12.725,Polygon,IDN,South Sumatra,103.97518193266538,-3.0829219070479663,ha,-,7.984,0.0,7.558,12.725,10.545,12.725,0.0,,0.0,0.0,0.0,0.0,False,0.0,0.0,0.0,0.907,0.0,0.0,0.0,0.0,0.022,0.0,0.268,0.256,0.0,0.0,0.0,0.0,0.0,0.0,0.0,0.0,0.0,0.0,0.0,0.545,0.0,0.0,0.0,0.462,0.0,0.179,0.089,0.062,0.211,0.179,0.566,0.198,0.0,0.0,0.0,0.0,0.0,0.0,0.0,0.0,0.0,0.0,0.0,0.0,0.442,0.019,0.0,0.0,0.0,0.0,0.683,0.634,0.0,0.0,0.0,0.0,0.0,0.0,0.0,0.021,0.0,0.1,0.0,0.0,0.0,0.0,0.0,0.0,0.0,0.0,0.0,0.0,0.0,0.0,0.0,0.0,0.0,0.0,0.0,0.0,0.0,0.0,0.0,0.0,0.0,0.0,0.0,0.0,0.0,0.0,0.0,0.0,0.0,0.0,0.0,0.0,0.0,0.0,0.0,0.0,0.0,0.0,0.0,0.0,0.0,0.0,0.0,0.0,0.0,0.0,0.0,0.0,0.0,0.0,0.0,2.49,1.453,1.899,0.0,0.0,0.0,0.0,0.0,0.0,0.0,0.0,yes,no,yes,no,low
6,6,,,20.882,Polygon,IDN,South Sumatra,103.97751194325912,-3.083807754540335,ha,-,5.84,0.0,5.569,20.097,11.238,20.852,0.0,,0.0,0.0,0.0,0.0,False,0.0,0.089,0.0,1.875,1.263,0.245,0.089,0.0,0.0,0.085,0.274,0.536,0.0,0.0,0.089,0.0,0.0,0.0,0.0,0.0,0.0,0.0,0.0,0.106,0.179,0.0,0.0,1.25,0.0,0.089,0.0,0.089,0.164,0.346,1.512,0.429,0.0,0.089,0.0,0.0,0.0,0.0,0.0,0.0,0.0,0.0,0.0,0.0,1.319,1.289,0.531,0.0,0.0,0.0,3.008,1.78,0.0,0.0,0.0,1.041,0.0,0.0,0.045,0.029,0.0,0.0,0.0,0.0,0.0,0.0,0.0,0.0,0.0,0.0,0.0,0.0,0.0,0.0,0.0,0.0,0.0,0.0,0.0,0.0,0.0,0.0,0.0,0.0,0.0,0.0,0.0,0.0,0.0,0.0,0.0,0.0,0.0,0.0,0.0,0.0,0.0,0.0,0.0,0.0,0.0,0.0,0.0,0.0,0.0,0.0,0.0,0.0,0.0,0.0,0.0,0.0,0.0,0.0,0.0,4.253,4.546,9.043,0.0,0.0,0.0,0.714,0.0,0.0,0.0,0.0,yes,no,yes,yes,low
7,7,,,8.279,Polygon,CIV,Lagunes,-4.1016461529645305,5.711934574136514,ha,-,0.446,0.001,0.006,7.834,5.085,6.402,0.0,,0.0,0.0,3.013,0.0,True,0.222,0.481,0.178,0.0,0.0,0.089,0.089,0.0,0.0,0.336,0.0,0.178,0.0,0.178,0.784,0.0,0.0,0.0,0.0,0.0,0.0,0.0,0.0,0.201,0.987,0.462,0.0,0.0,0.0,0.089,0.0,0.0,0.017,0.0,0.0,0.0,0.0,0.037,0.0,0.002,0.0,0.0,0.0,0.0,0.0,0.0,0.745,0.277,0.0,0.0,0.0,0.0,0.0,0.0,0.148,0.0,0.012,0.0,0.089,0.579,0.0,0.208,0.0,0.904,0.232,0.0,0.089,0.0,1.513,0.0,0.0,0.0,0.0,0.0,0.001,0.0,0.0,0.0,0.0,0.0,0.0,0.0,0.0,0.0,0.0,0.0,0.0,0.0,0.0,0.0,0.0,0.0,0.0,0.0,0.0,0.0,0.0,0.0,0.0,0.0,0.0,0.0,0.0,0.0,0.0,0.0,0.0,0.0,0.0,0.0,0.0,0.0,0.0,0.0,0.0,0.0,0.0,0.0,0.0,1.795,2.535,3.194,0.0,0.0,0.0,0.0,0.0,1.602,0.0,0.001,yes,yes,yes,yes,low
8,8,,,1.981,Polygon,CIV,Lagunes,-4.086848277820016,5.673810500303899,ha,-,0.652,0.0,0.0,1.396,1.546,1.729,0.0,,0.0,1.494,0.006,0.0,True,0.072,0.137,0.07,0.0,0.0,0.0,0.0,0.0,0.0,0.0,0.0,0.0,0.0,0.0,0.556,0.0,0.0,0.0,0.089,0.0,0.0,0.0,0.0,0.103,0.053,0.647,0.0,0.0,0.0,0.0,0.0,0.0,0.0,0.0,0.0,0.0,0.0,0.0,0.0,0.0,0.0,0.0,0.0,0.0,0.0,0.0,0.0,0.314,0.0,0.0,0.0,0.0,0.0,0.0,0.0,0.0,0.0,0.0,0.0,0.035,0.0,0.0,0.0,0.085,0.0,0.001,0.0,0.0,0.0,0.0,0.0,0.0,0.0,0.0,0.0,0.0,0.0,0.0,0.0,0.0,0.0,0.0,0.0,0.0,0.0,0.0,0.0,0.0,0.0,0.0,0.0,0.0,0.0,0.0,0.0,0.0,0.0,0.0,0.0,0.0,0.0,0.0,0.0,0.0,0.0,0.0,0.0,0.0,0.0,0.0,0.0,0.0,0.0,0.0,0.0,0.0,0.0,0.0,0.0,0.803,0.924,0.435,0.0,0.0,0.0,0.0,0.0,0.0,0.0,0.0,yes,yes,yes,no,low
9,9,,,3.797,Polygon,CIV,District Autonome D'Abidjan,-4.119589490048954,5.57213627672752,ha,-,2.212,0.0,0.0,3.797,2.636,3.797,0.0,,0.0,0.0,0.05,0.0,False,0.034,0.043,0.0,0.0,0.0,0.0,0.0,0.0,0.0,0.0,0.0,0.0,0.0,0.0,0.001,0.0,0.0,0.0,0.0,0.019,0.0,0.0,0.0,0.0,0.0,0.084,0.0,0.0,0.0,0.0,0.0,0.0,0.0,0.0,0.0,0.0,0.022,0.0,0.019,0.0,0.007,0.0,0.0,0.0,0.0,0.0,0.315,0.0,0.0,0.0,0.0,0.0,0.0,0.0,0.128,0.0,0.326,0.0,0.023,0.22,0.0,0.0,0.0,0.148,0.0,0.0,0.0,0.0,0.0,0.0,0.0,0.0,0.0,0.0,0.0,0.0,0.0,0.0,0.0,0.0,0.0,0.0,0.0,0.0,0.0,0.0,0.0,0.0,0.0,0.0,0.0,0.0,0.0,0.0,0.0,0.0,0.0,0.0,0.0,0.0,0.0,0.0,0.0,0.0,0.0,0.0,0.0,0.0,0.0,0.0,0.0,0.0,0.0,0.0,0.0,0.0,0.0,0.0,0.0,0.132,0.096,1.161,0.0,0.0,0.0,0.0,0.0,0.0,0.0,0.0,yes,no,yes,no,low
10,10,,,3.615,Polygon,CIV,Montagnes,-7.507022320770948,6.071467734582957,ha,-,1.486,0.0,0.0,3.615,1.659,3.546,0.0,,0.119,0.0,0.784,0.0,False,0.059,0.0,0.0,0.089,0.0,0.0,0.089,0.464,0.135,0.033,0.0,0.089,0.0,0.0,0.0,0.0,0.0,0.0,0.0,0.0,0.0,0.0,0.0,0.0,0.0,0.0,0.455,0.0,0.0,0.0,0.0,0.0,0.0,0.0,0.0,0.0,0.0,0.0,0.0,0.0,0.0,0.0,0.0,0.0,0.0,0.0,0.0,0.0,0.645,0.0,0.0,0.0,0.0,0.0,1.083,0.143,0.085,0.0,0.0,0.0,0.0,0.0,0.0,0.0,0.0,0.0,0.0,0.0,0.0,0.0,0.0,0.0,0.0,0.0,0.0,0.0,0.0,0.0,0.0,0.0,0.0,0.0,0.0,0.0,0.0,0.0,0.0,0.0,0.0,0.0,0.0,0.0,0.0,0.0,0.0,0.0,0.0,0.0,0.0,0.0,0.0,0.0,0.0,0.0,0.0,0.0,0.0,0.0,0.0,0.0,0.0,0.0,0.0,0.0,0.0,0.0,0.0,0.0,0.0,0.455,0.959,1.956,0.0,0.0,0.0,0.0,0.0,0.0,0.0,0.0,yes,yes,yes,no,low
11,11,,,0.236,Polygon,NIC,Jinotega (Departamento),-85.92967279231101,13.298333063910205,ha,-,0.236,0.236,0.226,0.082,0.236,0.236,0.0,,0.0,0.0,0.0,0.0,False,0.0,0.0,0.0,0.0,0.0,0.0,0.0,0.0,0.0,0.0,0.0,0.0,0.0,0.0,0.0,0.0,0.0,0.0,0.0,0.0,0.0,0.0,0.0,0.0,0.0,0.0,0.0,0.0,0.0,0.0,0.0,0.0,0.0,0.0,0.0,0.0,0.0,0.0,0.0,0.009,0.0,0.0,0.0,0.001,0.0,0.0,0.0,0.0,0.0,0.0,0.0,0.0,0.0,0.0,0.0,0.0,0.0,0.0,0.0,0.0,0.0,0.0,0.0,0.0,0.0,0.0,0.0,0.0,0.0,0.0,0.0,0.0,0.0,0.0,0.034,0.0,0.0,0.0,0.0,0.0,0.0,0.0,0.0,0.0,0.0,0.0,0.0,0.0,0.0,0.0,0.0,0.0,0.0,0.0,0.0,0.0,0.0,0.0,0.0,0.0,0.0,0.0,0.0,0.0,0.0,0.0,0.0,0.0,0.0,0.0,0.0,0.0,0.0,0.0,0.0,0.0,0.0,0.0,0.0,0.01,0.0,0.0,0.0,0.0,0.0,0.0,0.0,0.0,0.0,0.034,yes,no,yes,yes,low
12,12,,,2.255,Polygon,NIC,Jinotega (Departamento),-85.62684809448668,13.539724314287495,ha,-,2.255,0.0,0.0,2.255,0.458,2.255,0.0,,0.0,0.0,0.0,0.0,False,0.0,0.0,0.0,0.0,0.0,0.0,0.0,0.0,0.0,0.0,0.0,0.0,0.0,0.0,0.0,0.0,0.0,0.0,0.0,0.0,0.0,0.0,0.0,0.0,0.0,0.0,0.0,0.0,0.0,0.0,0.0,0.0,0.0,0.0,0.0,0.0,0.0,0.0,0.0,0.0,0.0,0.0,0.0,0.0,0.0,0.0,0.0,0.0,0.0,0.0,0.0,0.0,0.0,0.0,0.0,0.0,0.0,0.0,0.0,0.0,0.0,0.0,0.0,0.0,0.0,0.0,0.0,0.0,0.367,0.0,0.0,0.0,0.0,0.0,0.0,0.0,0.0,0.0,0.0,0.0,0.0,0.0,0.0,0.0,0.0,0.0,0.0,0.0,0.0,0.0,0.0,0.0,0.0,0.0,0.0,0.0,0.0,0.0,0.0,0.0,0.0,0.0,0.0,0.0,0.0,0.0,0.0,0.0,0.0,0.0,0.0,0.0,0.0,0.0,0.0,0.0,0.0,0.0,0.0,0.0,0.0,0.0,0.0,0.0,0.0,0.0,0.0,0.367,0.0,0.0,yes,no,no,yes,high
13,13,,,0.799,Polygon,NIC,Jinotega (Departamento),-85.94446494180862,13.166413216868746,ha,-,0.799,0.0,0.0,0.192,0.463,0.799,0.0,,0.0,0.0,0.0,0.0,False,0.0,0.0,0.0,0.0,0.0,0.0,0.0,0.0,0.0,0.0,0.0,0.0,0.0,0.0,0.0,0.0,0.0,0.0,0.0,0.0,0.0,0.0,0.0,0.0,0.0,0.0,0.0,0.0,0.0,0.0,0.0,0.0,0.0,0.0,0.0,0.0,0.0,0.0,0.0,0.0,0.0,0.0,0.0,0.0,0.0,0.0,0.0,0.0,0.0,0.0,0.0,0.0,0.0,0.0,0.0,0.0,0.0,0.0,0.0,0.0,0.0,0.0,0.0,0.0,0.0,0.0,0.0,0.0,0.007,0.0,0.0,0.0,0.0,0.0,0.0,0.0,0.0,0.0,0.0,0.0,0.0,0.0,0.0,0.0,0.0,0.0,0.0,0.0,0.0,0.0,0.0,0.0,0.0,0.0,0.0,0.0,0.0,0.0,0.0,0.0,0.0,0.0,0.0,0.0,0.0,0.0,0.0,0.0,0.0,0.0,0.0,0.0,0.0,0.0,0.0,0.0,0.0,0.0,0.0,0.0,0.0,0.0,0.0,0.0,0.0,0.0,0.0,0.007,0.0,0.0,yes,no,no,yes,high
14,14,,,0.269,Polygon,NIC,Jinotega (Departamento),-85.85464952149805,13.290698442076804,ha,-,0.269,0.0,0.0,0.269,0.269,0.269,0.0,,0.0,0.0,0.0,0.0,False,0.0,0.0,0.0,0.0,0.0,0.0,0.0,0.0,0.0,0.0,0.0,0.0,0.0,0.0,0.0,0.0,0.0,0.0,0.0,0.0,0.0,0.0,0.0,0.0,0.0,0.0,0.0,0.0,0.0,0.0,0.0,0.0,0.0,0.0,0.0,0.0,0.0,0.0,0.0,0.0,0.0,0.0,0.0,0.0,0.0,0.0,0.0,0.0,0.0,0.0,0.0,0.0,0.0,0.0,0.0,0.0,0.0,0.0,0.0,0.0,0.0,0.0,0.0,0.0,0.0,0.0,0.0,0.0,0.126,0.0,0.0,0.0,0.0,0.0,0.0,0.0,0.0,0.0,0.0,0.0,0.0,0.0,0.0,0.0,0.0,0.0,0.0,0.0,0.0,0.0,0.0,0.0,0.0,0.0,0.0,0.0,0.0,0.0,0.0,0.0,0.0,0.0,0.0,0.0,0.0,0.0,0.0,0.0,0.0,0.0,0.0,0.0,0.0,0.0,0.0,0.0,0.0,0.0,0.0,0.0,0.0,0.0,0.0,0.0,0.0,0.0,0.0,0.126,0.0,0.0,yes,no,no,yes,high
15,15,,,1.019,Polygon,CMR,Centre,12.596546066977634,4.232425591179579,ha,-,1.019,1.019,0.982,1.019,1.019,1.019,0.0,,0.0,0.0,0.0,0.0,False,0.0,0.0,0.0,0.0,0.0,0.0,0.0,0.0,0.0,0.0,0.0,0.0,0.0,0.0,0.0,0.0,0.0,0.0,0.0,0.0,0.0,0.0,0.0,0.0,0.0,0.0,0.0,0.0,0.0,0.0,0.0,0.037,0.0,0.0,0.0,0.0,0.0,0.0,0.0,0.0,0.0,0.0,0.0,0.0,0.0,0.0,0.0,0.0,0.0,0.0,0.0,0.0,0.0,0.0,0.0,0.0,0.0,0.0,0.0,0.0,0.0,0.0,0.0,0.0,0.0,0.0,0.0,0.0,0.0,0.0,0.0,0.0,0.0,0.0,0.0,0.0,0.0,0.0,0.0,0.0,0.0,0.0,0.0,0.0,0.0,0.0,0.0,0.0,0.0,0.0,0.0,0.0,0.0,0.0,0.0,0.0,0.0,0.0,0.0,0.0,0.0,0.0,0.0,0.0,0.0,0.0,0.0,0.0,0.0,0.0,0.0,0.0,0.0,0.0,0.0,0.0,0.0,0.0,0.0,0.037,0.0,0.0,0.0,0.0,0.0,0.0,0.0,0.0,0.0,0.0,yes,no,yes,no,low
16,16,,,1.006,Polygon,CMR,Centre,12.640106802855511,4.199724075851093,ha,-,1.006,0.521,0.01,1.006,0.521,1.006,0.0,,0.0,0.0,0.0,0.0,False,0.0,0.0,0.0,0.0,0.0,0.0,0.0,0.0,0.0,0.0,0.0,0.0,0.0,0.296,0.294,0.0,0.0,0.0,0.0,0.0,0.0,0.0,0.0,0.0,0.0,0.0,0.0,0.0,0.0,0.0,0.0,0.0,0.0,0.0,0.0,0.0,0.056,0.35,0.0,0.0,0.0,0.0,0.0,0.0,0.0,0.0,0.0,0.0,0.0,0.0,0.0,0.0,0.065,0.0,0.0,0.0,0.0,0.0,0.0,0.42,0.0,0.0,0.0,0.0,0.0,0.0,0.0,0.0,0.0,0.0,0.0,0.0,0.0,0.001,0.005,0.0,0.0,0.0,0.0,0.0,0.0,0.0,0.0,0.0,0.0,0.0,0.0,0.0,0.0,0.0,0.0,0.0,0.0,0.0,0.0,0.0,0.0,0.0,0.0,0.0,0.0,0.0,0.0,0.0,0.0,0.0,0.0,0.0,0.0,0.0,0.0,0.0,0.0,0.0,0.0,0.0,0.0,0.0,0.0,0.406,0.59,0.485,0.0,0.0,0.0,0.0,0.0,0.0,0.0,0.006,yes,no,yes,yes,low
17,17,,,4.242,Polygon,CMR,Centre,12.328070136882276,4.25841247772794,ha,-,4.242,3.442,4.242,4.242,4.242,4.242,0.0,,0.0,0.0,0.0,0.0,False,0.0,0.0,0.0,0.0,0.0,0.0,0.0,0.0,0.0,0.0,0.0,0.0,0.0,0.0,0.0,0.0,0.0,0.0,0.0,0.0,0.0,0.0,0.0,0.0,0.0,0.0,0.0,0.0,0.0,0.0,0.0,0.0,0.0,0.0,0.0,0.0,0.0,0.0,0.0,0.0,0.0,0.0,0.0,0.0,0.0,0.0,0.0,0.0,0.0,0.0,0.0,0.0,0.0,0.0,0.0,0.0,0.0,0.0,0.0,0.0,0.0,0.0,0.0,0.0,0.0,0.0,0.0,0.0,0.0,0.0,0.0,0.0,0.0,0.0,0.0,0.0,0.0,0.0,0.0,0.0,0.0,0.0,0.0,0.0,0.0,0.0,0.0,0.0,0.0,0.0,0.0,0.0,0.0,0.0,0.0,0.0,0.0,0.0,0.0,0.0,0.0,0.0,0.0,0.0,0.0,0.0,0.0,0.0,0.0,0.0,0.0,0.0,0.0,0.0,0.0,0.0,0.0,0.0,0.0,0.0,0.0,0.0,0.0,0.0,0.0,0.0,0.0,0.0,0.0,0.0,yes,no,no,no,more_info_needed
18,18,,,0.435,Polygon,CMR,Centre,12.59232330536205,4.229365113376266,ha,-,0.435,0.258,0.309,0.435,0.271,0.435,0.0,,0.0,0.0,0.0,0.0,False,0.0,0.002,0.0,0.0,0.0,0.0,0.0,0.0,0.0,0.0,0.0,0.0,0.0,0.0,0.0,0.0,0.0,0.0,0.0,0.0,0.0,0.0,0.0,0.0,0.009,0.0,0.0,0.0,0.0,0.0,0.0,0.0,0.0,0.0,0.0,0.0,0.0,0.046,0.0,0.0,0.0,0.0,0.0,0.069,0.0,0.0,0.0,0.0,0.0,0.0,0.0,0.0,0.0,0.0,0.164,0.0,0.0,0.0,0.0,0.0,0.0,0.0,0.0,0.0,0.0,0.0,0.0,0.0,0.0,0.0,0.0,0.0,0.0,0.0,0.0,0.0,0.0,0.0,0.0,0.0,0.0,0.0,0.0,0.0,0.0,0.0,0.0,0.0,0.0,0.0,0.0,0.0,0.0,0.0,0.0,0.0,0.0,0.0,0.0,0.0,0.0,0.0,0.0,0.0,0.0,0.0,0.0,0.0,0.0,0.0,0.0,0.0,0.0,0.0,0.0,0.0,0.0,0.0,0.0,0.124,0.002,0.164,0.0,0.0,0.0,0.0,0.0,0.0,0.0,0.0,yes,no,yes,no,low
19,19,,,8.086,Polygon,VNM,Gia Lai,108.0632224343439,13.78746006204295,ha,-,7.222,0.0,0.0,4.892,1.285,4.838,0.0,,0.0,0.0,0.0,0.0,False,0.0,0.0,0.0,0.0,0.0,0.0,0.0,0.0,0.0,0.0,0.0,0.0,0.0,0.0,0.0,0.0,0.0,0.0,0.0,0.0,0.0,0.0,0.0,0.0,0.0,0.0,0.0,0.0,0.0,0.0,0.0,0.0,0.0,0.0,0.0,0.0,0.0,0.0,0.0,0.0,0.0,0.0,0.0,0.0,0.0,0.0,0.0,0.0,0.0,0.0,0.0,0.0,0.0,0.0,0.0,0.0,0.0,0.0,0.0,0.0,0.0,0.0,0.0,0.0,0.0,0.0,0.0,0.0,0.0,0.0,0.0,0.0,0.0,0.0,0.0,0.0,0.0,0.0,0.0,0.0,0.0,0.0,0.0,0.0,0.0,0.0,0.0,0.0,0.0,0.0,0.0,0.0,0.0,0.0,0.0,0.0,0.0,0.0,0.0,0.0,0.0,0.0,0.0,0.0,0.0,0.0,0.0,0.0,0.0,0.0,0.0,0.0,0.0,0.0,0.0,0.0,0.0,0.0,0.0,0.0,0.0,0.0,0.0,0.0,0.0,0.0,0.0,0.0,0.0,0.0,yes,no,no,no,more_info_needed
20,20,,,7.574,Polygon,VNM,??k L?k,108.1026659521366,12.939683605105984,ha,-,3.894,0.0,0.0,0.062,1.699,0.618,0.0,,0.0,0.0,0.0,0.0,False,0.0,0.0,0.0,0.0,0.0,0.0,0.0,0.0,0.0,0.0,0.0,0.0,0.0,0.0,0.0,0.0,0.0,0.0,0.0,0.0,0.0,0.0,0.0,0.0,0.0,0.0,0.0,0.0,0.0,0.0,0.0,0.0,0.0,0.0,0.0,0.0,0.0,0.0,0.0,0.0,0.0,0.0,0.0,0.0,0.0,0.0,0.0,0.0,0.0,0.0,0.0,0.0,0.0,0.0,0.0,0.0,0.0,0.0,0.0,0.203,0.0,0.0,0.017,0.523,0.0,0.0,0.0,0.0,0.0,0.0,0.0,0.0,0.0,0.0,0.0,0.0,0.0,0.0,0.0,0.0,0.0,0.0,0.0,0.0,0.0,0.0,0.0,0.0,0.0,0.0,0.0,0.0,0.0,0.0,0.0,0.0,0.0,0.0,0.0,0.0,0.0,0.0,0.0,0.0,0.0,0.0,0.0,0.0,0.0,0.0,0.0,0.0,0.0,0.0,0.0,0.0,0.0,0.0,0.0,0.0,0.0,0.743,0.0,0.0,0.0,0.0,0.0,0.0,0.0,0.0,yes,no,yes,no,low
21,21,,,7.363,Polygon,VNM,Gia Lai,108.0488424239634,13.661565715077202,ha,-,6.524,0.0,0.0,5.849,0.491,4.253,0.0,,0.0,0.0,0.0,0.0,False,0.0,0.0,0.0,0.0,0.0,0.0,0.0,0.0,0.0,0.0,0.0,0.0,0.0,0.0,0.0,0.0,0.0,0.0,0.0,0.0,0.0,0.0,0.0,0.0,0.0,0.0,0.0,0.0,0.0,0.0,0.0,0.0,0.0,0.0,0.0,0.0,0.0,0.0,0.0,0.0,0.0,0.0,0.0,0.0,0.0,0.0,0.0,0.0,0.0,0.0,0.0,0.0,0.0,0.0,0.0,0.0,0.0,0.0,0.0,0.0,0.0,0.0,0.0,0.0,0.0,0.0,0.0,0.0,0.0,0.0,0.0,0.0,0.0,0.0,0.0,0.0,0.0,0.0,0.0,0.0,0.0,0.0,0.0,0.0,0.0,0.0,0.0,0.0,0.0,0.0,0.0,0.0,0.0,0.0,0.0,0.0,0.0,0.0,0.0,0.0,0.0,0.0,0.0,0.0,0.0,0.0,0.0,0.0,0.0,0.0,0.0,0.0,0.0,0.0,0.0,0.0,0.0,0.0,0.0,0.0,0.0,0.0,0.0,0.0,0.0,0.0,0.0,0.0,0.0,0.0,yes,no,no,no,more_info_needed
22,22,,,6.879,Polygon,VNM,Gia Lai,108.04197676570568,13.736411367323834,ha,-,6.722,0.0,0.0,0.523,6.764,6.698,0.0,,0.0,0.0,0.0,5.911,False,0.0,0.0,0.0,0.0,0.0,0.0,0.0,0.0,0.0,0.0,0.0,0.0,0.0,0.0,0.0,0.0,0.0,0.0,0.0,0.0,0.0,0.0,0.0,0.0,0.0,0.0,0.0,0.0,0.0,0.0,0.0,0.0,0.0,0.0,0.0,0.0,0.0,0.0,0.0,0.0,0.0,0.0,0.0,0.0,0.0,0.0,0.0,0.0,0.0,0.0,0.0,0.0,0.058,0.0,0.0,0.0,0.0,0.0,0.0,0.0,0.0,0.0,0.0,0.0,0.0,0.0,0.0,0.0,0.0,0.0,0.0,0.0,0.0,0.0,0.0,0.0,0.0,0.0,0.0,0.0,0.0,0.0,0.0,0.0,0.0,0.0,0.0,0.0,0.0,0.0,0.0,0.0,0.0,0.0,0.0,0.0,0.0,0.0,0.0,0.0,0.0,0.0,0.0,0.0,0.0,0.0,0.0,0.0,0.0,0.0,0.0,0.0,0.0,0.0,0.0,0.0,0.0,0.0,0.0,0.0,0.0,0.058,0.0,0.0,0.0,0.0,0.0,0.0,0.0,0.0,yes,yes,yes,no,low
23,23,,,6.204,Polygon,VNM,??k Nông,107.5888369222964,12.277015834470724,ha,-,0.0,0.0,0.0,2.076,4.356,5.737,0.0,,0.0,0.0,0.0,1.253,False,0.382,0.0,0.292,0.0,0.001,0.0,0.0,0.0,0.0,0.0,0.0,0.0,0.0,0.0,0.0,0.0,0.0,0.0,0.0,0.0,0.0,0.0,0.0,0.0,0.0,0.0,0.0,0.0,0.0,0.0,0.0,0.0,0.0,0.0,0.0,0.0,0.0,0.0,0.0,0.0,0.0,0.0,0.0,0.0,0.0,0.0,0.0,0.0,0.0,0.0,0.0,0.0,0.0,0.0,0.0,0.0,0.0,0.0,0.0,0.0,0.0,0.0,0.0,0.0,0.0,0.0,0.0,0.0,0.0,0.0,0.0,0.0,0.0,0.0,0.0,0.0,6.204,5.727,4.987,6.204,0.0,0.0,0.0,0.0,0.0,0.0,0.0,0.0,0.0,0.0,0.0,0.0,0.0,0.0,0.0,0.0,0.0,0.0,0.0,0.0,0.0,0.0,0.0,0.0,0.0,0.0,0.0,0.0,0.0,0.0,0.0,0.0,0.0,0.0,0.0,0.0,0.0,0.0,0.0,0.0,0.675,0.0,6.204,0.0,0.0,0.0,0.0,0.0,0.0,0.0,yes,yes,yes,no,low
24,24,,,6.192,Polygon,VNM,??k Nông,107.64892612189676,12.32458493772582,ha,-,0.0,2.268,0.0,4.082,4.594,1.472,0.0,,0.0,0.0,0.0,0.0,False,0.615,0.001,0.0,0.0,0.088,0.854,0.349,0.0,0.025,0.0,0.1,0.192,0.262,1.108,0.663,0.262,0.0,0.0,0.0,0.0,0.0,0.0,0.0,0.524,0.175,0.0,0.0,0.0,0.071,0.087,0.0,0.171,0.0,0.0,0.0,0.0,0.0,0.0,0.0,0.0,0.0,0.0,0.0,0.0,0.0,0.0,0.11,0.0,0.0,0.0,0.0,0.262,0.0,0.0,0.0,0.0,0.0,0.804,0.0,0.422,0.0,0.0,0.0,0.0,0.0,0.0,0.0,0.0,0.0,0.0,0.0,0.0,0.0,0.0,0.0,0.0,0.0,0.0,0.0,0.979,0.0,0.0,0.0,0.0,0.0,0.0,0.0,0.0,0.0,0.0,0.0,0.0,0.0,0.0,0.0,0.0,0.0,0.0,0.0,0.0,0.0,0.0,0.0,0.0,0.0,0.0,0.0,0.0,0.0,0.0,0.0,0.0,0.0,0.0,0.0,0.0,0.0,0.0,0.0,1.029,4.518,1.598,0.979,0.0,0.0,0.0,0.0,0.0,0.0,0.0,yes,no,yes,no,low
25,25,,,5.648,Polygon,VNM,Gia Lai,108.1203580322176,13.721796915479883,ha,-,5.648,0.0,0.0,1.468,3.126,5.176,0.0,,0.0,0.0,0.0,0.191,False,0.0,0.0,0.0,0.0,0.0,0.0,0.0,0.0,0.0,0.0,0.0,0.0,0.0,0.0,0.0,0.0,0.0,0.0,0.0,0.0,0.0,0.0,0.0,0.0,0.0,0.0,0.0,0.0,0.0,0.0,0.0,0.0,0.0,0.0,0.0,0.0,0.0,0.0,0.0,0.0,0.0,0.0,0.0,0.0,0.0,0.0,0.0,0.0,0.0,0.0,0.0,0.0,0.0,0.0,0.0,0.0,0.0,0.0,0.0,0.0,0.0,0.0,0.0,0.0,0.0,0.0,0.0,0.0,0.0,0.0,0.0,0.0,0.0,0.0,0.0,0.0,0.0,0.0,0.0,0.0,0.0,0.0,0.0,0.0,0.0,0.0,0.0,0.0,0.0,0.0,0.0,0.0,0.0,0.0,0.0,0.0,0.0,0.0,0.0,0.0,0.0,0.0,0.0,0.0,0.0,0.0,0.0,0.0,0.0,0.0,0.0,0.0,0.0,0.0,0.0,0.0,0.0,0.0,0.0,0.0,0.0,0.0,0.0,0.0,0.0,0.0,0.0,0.0,0.0,0.0,yes,no,no,no,more_info_needed
26,26,,,5.578,Polygon,VNM,??k L?k,108.1021974048398,12.913103824019576,ha,-,3.919,0.0,0.0,1.836,4.119,3.81,0.0,,0.0,0.0,0.0,0.0,False,0.0,0.0,0.0,0.0,0.0,0.0,0.0,0.0,0.0,0.0,0.0,0.0,0.0,0.0,0.0,0.0,0.0,0.0,0.0,0.0,0.0,0.0,0.0,0.0,0.0,0.0,0.0,0.0,0.0,0.0,0.0,0.0,0.0,0.0,0.0,0.0,0.0,0.0,0.0,0.0,0.0,0.0,0.0,0.0,0.0,0.0,0.0,0.0,0.0,0.0,0.0,0.0,0.0,0.0,0.0,0.0,0.0,0.0,0.0,0.0,0.0,0.0,1.283,0.0,0.0,0.0,0.0,0.0,0.0,0.0,0.0,0.0,0.0,0.0,0.0,0.0,0.0,0.0,0.0,0.0,0.0,0.0,0.0,0.0,0.0,0.0,0.0,0.0,0.0,0.0,0.0,0.0,0.0,0.0,0.0,0.0,0.0,5.578,0.0,0.0,0.0,0.0,0.0,0.0,0.0,0.0,0.0,0.0,0.0,0.0,0.0,0.0,0.0,0.0,0.0,0.0,0.0,0.0,0.0,0.0,0.0,1.283,0.0,5.578,0.0,0.0,0.0,0.0,0.0,0.0,yes,no,yes,no,low
27,27,,,5.296,Polygon,FIN,Northern Savonia,27.032601414978515,63.05563062947191,ha,-,5.296,0.0,0.0,4.799,0.826,5.296,0.0,,0.0,0.0,0.0,0.0,False,0.0,0.0,0.0,0.0,0.0,0.0,0.0,0.0,0.0,0.0,0.0,0.0,0.0,0.0,0.0,0.0,0.0,0.0,0.0,0.0,0.0,0.0,0.0,0.0,0.0,0.0,0.0,0.0,0.0,0.0,0.0,0.0,0.0,0.0,0.0,0.0,0.0,0.0,0.0,0.0,0.0,0.0,0.0,0.0,0.0,0.0,0.0,0.0,0.0,0.0,0.119,0.0,0.0,0.0,0.0,0.0,0.0,0.0,0.0,0.0,0.0,0.0,0.0,4.313,0.0,0.0,0.0,0.0,0.0,0.0,0.0,0.0,0.0,0.0,0.0,0.0,0.0,0.0,0.0,0.0,0.0,0.0,0.0,0.0,0.0,0.0,0.0,0.0,0.0,0.0,0.0,0.0,0.0,0.0,0.0,0.0,0.0,0.0,0.0,0.0,0.0,0.0,0.0,0.0,0.0,0.0,0.0,0.0,0.0,0.0,0.0,0.0,0.0,0.0,0.0,0.0,0.0,0.0,0.0,0.0,0.0,4.432,0.0,0.0,0.0,0.0,0.0,0.0,0.0,0.0,yes,no,yes,no,low
28,28,,,3.725,Polygon,SWE,Gävleborgs län,15.88211242286438,61.6035665515731,ha,-,3.725,0.0,0.0,3.725,3.273,3.725,0.0,,0.0,0.0,0.0,0.0,False,0.0,0.0,0.0,0.0,0.0,0.0,0.0,0.0,0.0,0.0,0.0,0.0,0.0,0.0,0.0,0.0,0.0,0.0,0.0,0.0,0.0,0.0,0.0,0.0,0.0,0.0,0.0,0.0,0.0,0.0,0.0,0.0,0.0,0.0,0.0,0.0,0.0,0.0,0.0,0.0,0.0,0.0,0.0,0.0,0.0,0.0,0.0,0.0,0.0,0.0,0.0,0.0,0.0,0.0,0.0,0.0,0.0,0.0,0.011,0.0,0.0,0.0,0.156,0.285,0.0,0.0,0.0,0.0,0.542,0.0,0.0,0.0,0.0,0.0,0.0,0.0,0.0,0.0,0.0,0.0,0.0,0.0,0.0,0.0,0.0,0.0,0.0,0.0,0.0,0.0,0.0,0.0,0.0,0.0,0.0,0.0,0.0,0.0,0.0,0.0,0.0,0.0,0.0,0.0,0.0,0.0,0.0,0.0,0.0,0.0,0.0,0.0,0.0,0.0,0.0,0.0,0.0,0.0,0.0,0.0,0.0,0.452,0.0,0.0,0.0,0.0,0.0,0.542,0.0,0.0,yes,no,yes,yes,low
29,29,,,3.014,Polygon,FRA,Nouvelle-Aquitaine,-0.556280866539489,44.460202929990686,ha,-,2.92,0.0,0.0,2.777,0.274,2.958,0.0,,0.0,0.0,0.0,0.0,True,0.0,0.0,0.0,0.0,0.0,0.0,0.0,0.0,0.0,0.0,0.0,0.0,0.0,0.0,0.0,0.0,0.0,0.0,0.0,0.0,0.0,0.0,0.0,0.0,0.0,0.0,0.0,0.0,0.0,0.0,0.0,0.0,0.0,0.0,0.0,0.0,0.0,0.0,0.0,0.0,0.0,0.0,0.0,0.0,0.0,0.0,0.0,0.0,0.0,1.417,0.0,0.0,0.0,0.159,0.774,0.064,0.0,0.0,0.0,0.0,0.0,0.0,0.0,0.0,0.0,0.0,0.0,0.0,0.0,0.0,0.0,0.0,0.0,0.0,0.0,0.0,0.0,0.0,0.0,0.0,0.0,0.0,0.0,0.0,0.0,0.0,0.0,0.0,0.0,0.0,0.0,0.0,0.0,0.0,0.0,0.0,0.0,0.0,0.0,0.0,0.0,0.0,0.0,0.0,0.0,0.0,0.0,0.0,0.0,0.0,0.0,0.0,0.0,0.0,0.0,0.0,0.089,0.0,0.0,0.0,0.0,2.415,0.0,0.0,0.0,0.0,0.0,0.0,0.089,0.0,yes,no,yes,yes,low
30,30,,,2.649,Polygon,FRA,Nouvelle-Aquitaine,-0.5210046762982791,44.35783650884549,ha,-,0.097,0.0,0.0,0.271,0.177,0.005,0.0,,0.0,0.0,0.0,0.0,True,0.0,0.0,0.0,0.0,0.0,0.0,0.0,0.0,0.0,0.0,0.0,0.0,0.0,0.0,0.0,0.0,0.0,0.0,0.0,0.0,0.0,0.0,0.0,0.0,0.0,0.0,0.0,0.0,0.0,0.0,0.0,0.0,0.0,0.0,0.0,0.0,0.0,0.0,0.0,0.0,0.0,0.0,0.0,0.0,0.0,0.0,0.0,0.0,0.0,0.0,0.0,0.0,0.0,0.0,0.0,0.84,0.0,0.245,0.0,0.0,0.0,0.0,1.288,0.084,0.0,0.0,0.0,0.0,0.0,0.0,0.0,0.0,0.0,0.0,0.0,0.0,0.0,0.0,0.0,0.0,0.0,0.0,0.0,0.0,0.0,0.0,0.0,0.0,0.0,0.0,0.0,0.0,0.0,0.0,0.0,0.0,0.0,0.0,0.0,0.0,0.0,0.0,0.0,0.0,0.0,0.0,0.0,0.0,0.0,0.0,0.0,0.0,0.0,0.0,0.0,0.0,0.0,0.0,0.0,0.0,0.0,2.457,0.0,0.0,0.0,0.0,0.0,0.0,0.0,0.0,yes,no,yes,no,low
